-- MySQL dump 10.13  Distrib 5.6.24, for debian-linux-gnu (x86_64)
--
-- Host: localhost    Database: elecciones
-- ------------------------------------------------------
-- Server version	5.6.24-0ubuntu2

/*!40101 SET @OLD_CHARACTER_SET_CLIENT=@@CHARACTER_SET_CLIENT */;
/*!40101 SET @OLD_CHARACTER_SET_RESULTS=@@CHARACTER_SET_RESULTS */;
/*!40101 SET @OLD_COLLATION_CONNECTION=@@COLLATION_CONNECTION */;
/*!40101 SET NAMES utf8 */;
/*!40103 SET @OLD_TIME_ZONE=@@TIME_ZONE */;
/*!40103 SET TIME_ZONE='+00:00' */;
/*!40014 SET @OLD_UNIQUE_CHECKS=@@UNIQUE_CHECKS, UNIQUE_CHECKS=0 */;
/*!40014 SET @OLD_FOREIGN_KEY_CHECKS=@@FOREIGN_KEY_CHECKS, FOREIGN_KEY_CHECKS=0 */;
/*!40101 SET @OLD_SQL_MODE=@@SQL_MODE, SQL_MODE='NO_AUTO_VALUE_ON_ZERO' */;
/*!40111 SET @OLD_SQL_NOTES=@@SQL_NOTES, SQL_NOTES=0 */;

--
-- Current Database: `elecciones`
--

/*!40000 DROP DATABASE IF EXISTS `elecciones`*/;

CREATE DATABASE /*!32312 IF NOT EXISTS*/ `elecciones` /*!40100 DEFAULT CHARACTER SET utf8 */;

USE `elecciones`;

--
-- Table structure for table `boleta`
--

DROP TABLE IF EXISTS `boleta`;
/*!40101 SET @saved_cs_client     = @@character_set_client */;
/*!40101 SET character_set_client = utf8 */;
CREATE TABLE `boleta` (
  `id_boleta` int(11) NOT NULL AUTO_INCREMENT,
  `id_eleccion` int(11) NOT NULL,
  `tipo` enum('opcion','candidato') NOT NULL,
  PRIMARY KEY (`id_boleta`),
  KEY `FK_boleta_eleccion` (`id_eleccion`),
  CONSTRAINT `boleta_ibfk_1` FOREIGN KEY (`id_eleccion`) REFERENCES `eleccion` (`id_eleccion`) ON DELETE CASCADE
) ENGINE=InnoDB AUTO_INCREMENT=68 DEFAULT CHARSET=utf8;
/*!40101 SET character_set_client = @saved_cs_client */;

--
-- Dumping data for table `boleta`
--

LOCK TABLES `boleta` WRITE;
/*!40000 ALTER TABLE `boleta` DISABLE KEYS */;
INSERT INTO `boleta` VALUES (1,1,'opcion'),(2,1,'opcion'),(3,1,'opcion'),(4,1,'opcion'),(5,1,'opcion'),(6,1,'opcion'),(7,2,'opcion'),(8,2,'opcion'),(9,2,'opcion'),(10,3,'candidato'),(11,3,'candidato'),(12,3,'candidato'),(13,3,'candidato'),(14,4,'candidato'),(15,4,'candidato'),(16,4,'candidato'),(17,4,'candidato'),(18,5,'candidato'),(19,5,'candidato'),(20,5,'candidato'),(21,5,'candidato'),(22,6,'candidato'),(23,6,'candidato'),(24,6,'candidato'),(25,6,'candidato'),(26,7,'candidato'),(27,7,'candidato'),(28,7,'candidato'),(29,7,'candidato'),(30,8,'candidato'),(31,8,'candidato'),(32,8,'candidato'),(33,8,'candidato'),(34,9,'candidato'),(35,9,'candidato'),(36,9,'candidato'),(37,9,'candidato'),(38,10,'candidato'),(39,10,'candidato'),(40,10,'candidato'),(41,10,'candidato'),(42,11,'candidato'),(43,11,'candidato'),(44,11,'candidato'),(45,11,'candidato'),(46,12,'candidato'),(47,12,'candidato'),(48,12,'candidato'),(49,12,'candidato'),(50,13,'candidato'),(51,13,'candidato'),(52,13,'candidato'),(53,13,'candidato'),(54,14,'candidato'),(55,14,'candidato'),(56,14,'candidato'),(57,14,'candidato'),(58,14,'candidato'),(59,15,'candidato'),(60,15,'candidato'),(61,15,'candidato'),(62,15,'candidato'),(63,15,'candidato'),(64,16,'candidato'),(65,16,'candidato'),(66,16,'candidato'),(67,16,'candidato');
/*!40000 ALTER TABLE `boleta` ENABLE KEYS */;
UNLOCK TABLES;

--
-- Table structure for table `camioneta`
--

DROP TABLE IF EXISTS `camioneta`;
/*!40101 SET @saved_cs_client     = @@character_set_client */;
/*!40101 SET character_set_client = utf8 */;
CREATE TABLE `camioneta` (
  `id_camioneta` int(11) NOT NULL AUTO_INCREMENT,
  `patente` varchar(6) NOT NULL,
  `id_centro` int(11) NOT NULL,
  `id_responsable` int(11) NOT NULL,
  PRIMARY KEY (`id_camioneta`),
  UNIQUE KEY `patente` (`patente`),
  KEY `FK_camioneta_centro` (`id_centro`),
  KEY `FK_camioneta_responsable` (`id_responsable`),
  CONSTRAINT `camioneta_ibfk_1` FOREIGN KEY (`id_centro`) REFERENCES `centro` (`id_centro`) ON DELETE CASCADE,
  CONSTRAINT `camioneta_ibfk_2` FOREIGN KEY (`id_responsable`) REFERENCES `ciudadano` (`id_ciudadano`) ON DELETE CASCADE
) ENGINE=InnoDB AUTO_INCREMENT=211 DEFAULT CHARSET=utf8;
/*!40101 SET character_set_client = @saved_cs_client */;

--
-- Dumping data for table `camioneta`
--

LOCK TABLES `camioneta` WRITE;
/*!40000 ALTER TABLE `camioneta` DISABLE KEYS */;
INSERT INTO `camioneta` VALUES (1,'286897',1,651),(2,'955181',1,605),(3,'213677',1,401),(4,'245493',2,317),(5,'791173',2,593),(6,'784131',2,498),(7,'980698',3,8),(8,'910094',3,587),(9,'745716',3,457),(10,'865652',4,174),(11,'226008',4,436),(12,'856510',4,357),(13,'323440',5,107),(14,'357076',5,206),(15,'969484',5,533),(16,'652348',6,219),(17,'333002',6,226),(18,'355520',6,679),(19,'579893',7,296),(20,'747648',7,17),(21,'693169',7,681),(22,'350934',8,549),(23,'208969',8,301),(24,'680930',8,116),(25,'890914',9,415),(26,'123187',9,165),(27,'332283',9,173),(28,'338101',10,540),(29,'675742',10,465),(30,'891211',10,256),(31,'536588',11,190),(32,'709976',11,204),(33,'744936',11,679),(34,'916549',12,277),(35,'888480',12,144),(36,'690418',12,658),(37,'856967',13,106),(38,'224345',13,47),(39,'371397',13,343),(40,'117486',14,53),(41,'677641',14,598),(42,'748896',14,381),(43,'541185',15,88),(44,'708436',15,481),(45,'700914',15,71),(46,'302139',16,147),(47,'765175',16,74),(48,'567262',16,522),(49,'806805',17,255),(50,'133573',17,177),(51,'857584',17,587),(52,'393546',18,463),(53,'683875',18,247),(54,'731506',18,611),(55,'364330',19,81),(56,'680941',19,426),(57,'265776',19,483),(58,'778681',20,382),(59,'877384',20,692),(60,'656248',20,123),(61,'228635',21,233),(62,'279549',21,201),(63,'153975',21,9),(64,'124498',22,292),(65,'616545',22,38),(66,'258579',22,523),(67,'545978',23,469),(68,'105287',23,696),(69,'107405',23,318),(70,'158087',24,643),(71,'179348',24,500),(72,'849229',24,695),(73,'861651',25,687),(74,'344728',25,603),(75,'578994',25,517),(76,'263020',26,630),(77,'837747',26,88),(78,'142547',26,566),(79,'962418',27,656),(80,'544516',27,70),(81,'201283',27,514),(82,'781327',28,180),(83,'334258',28,262),(84,'605582',28,161),(85,'734039',29,130),(86,'536041',29,412),(87,'690579',29,158),(88,'737000',30,294),(89,'720487',30,583),(90,'862224',30,355),(91,'622687',31,406),(92,'171920',31,119),(93,'639265',31,382),(94,'676412',32,136),(95,'948879',32,661),(96,'683290',32,347),(97,'647001',33,543),(98,'325180',33,174),(99,'995154',33,342),(100,'661627',34,206),(101,'111685',34,389),(102,'721428',34,692),(103,'600930',35,431),(104,'495847',35,372),(105,'742659',35,317),(106,'891037',36,453),(107,'220049',36,630),(108,'131981',36,675),(109,'733310',37,70),(110,'385021',37,224),(111,'996697',37,68),(112,'380604',38,298),(113,'853861',38,59),(114,'982101',38,571),(115,'412176',39,554),(116,'535585',39,643),(117,'210438',39,128),(118,'797830',40,683),(119,'145597',40,91),(120,'380408',40,546),(121,'156104',41,292),(122,'143162',41,337),(123,'382666',41,622),(124,'719597',42,30),(125,'442508',42,138),(126,'505143',42,401),(127,'479354',43,577),(128,'742605',43,499),(129,'275546',43,471),(130,'169354',44,130),(131,'725435',44,563),(132,'543386',44,427),(133,'617595',45,17),(134,'884889',45,590),(135,'985463',45,62),(136,'278400',46,629),(137,'519859',46,521),(138,'219875',46,531),(139,'205831',47,674),(140,'298464',47,447),(141,'186001',47,151),(142,'364418',48,137),(143,'526034',48,187),(144,'223712',48,628),(145,'131533',49,689),(146,'586939',49,656),(147,'256036',49,462),(148,'703115',50,413),(149,'988621',50,73),(150,'717226',50,209),(151,'682898',51,202),(152,'271743',51,330),(153,'970814',51,321),(154,'677224',52,153),(155,'643371',52,466),(156,'134087',52,124),(157,'187573',53,400),(158,'797900',53,1),(159,'357834',53,66),(160,'255045',54,173),(161,'502377',54,635),(162,'107626',54,423),(163,'948767',55,409),(164,'605654',55,663),(165,'873940',55,500),(166,'584185',56,534),(167,'579650',56,596),(168,'166280',56,611),(169,'571542',57,247),(170,'204785',57,116),(171,'582095',57,45),(172,'339774',58,220),(173,'777248',58,51),(174,'932617',58,628),(175,'585540',59,691),(176,'568299',59,453),(177,'475054',59,481),(178,'527197',60,425),(179,'870016',60,327),(180,'486886',60,97),(181,'300082',61,437),(182,'607846',61,502),(183,'592402',61,110),(184,'761034',62,100),(185,'663581',62,243),(186,'166957',62,371),(187,'559791',63,184),(188,'141981',63,188),(189,'178513',63,652),(190,'200854',64,530),(191,'161473',64,385),(192,'755323',64,686),(193,'157166',65,9),(194,'337974',65,113),(195,'362528',65,416),(196,'642204',66,42),(197,'645038',66,558),(198,'684976',66,159),(199,'444101',67,690),(200,'522905',67,373),(201,'995562',67,395),(202,'924816',68,543),(203,'845869',68,178),(204,'758888',68,500),(205,'308465',69,327),(206,'291574',69,631),(207,'600116',69,268),(208,'962254',70,297),(209,'617123',70,459),(210,'817497',70,433);
/*!40000 ALTER TABLE `camioneta` ENABLE KEYS */;
UNLOCK TABLES;

--
-- Table structure for table `candidato`
--

DROP TABLE IF EXISTS `candidato`;
/*!40101 SET @saved_cs_client     = @@character_set_client */;
/*!40101 SET character_set_client = utf8 */;
CREATE TABLE `candidato` (
  `id_boleta` int(11) NOT NULL,
  `id_ciudadano` int(11) NOT NULL,
  `id_partido` int(11) NOT NULL,
  `id_eleccion` int(11) NOT NULL,
  PRIMARY KEY (`id_boleta`),
  KEY `FK_candidato_ciudadano` (`id_ciudadano`),
  KEY `FK_candidato_partido` (`id_partido`),
  KEY `FK_candidato_eleccion` (`id_eleccion`),
  CONSTRAINT `candidato_ibfk_1` FOREIGN KEY (`id_boleta`) REFERENCES `boleta` (`id_boleta`) ON DELETE CASCADE,
  CONSTRAINT `candidato_ibfk_2` FOREIGN KEY (`id_ciudadano`) REFERENCES `ciudadano` (`id_ciudadano`) ON DELETE CASCADE,
  CONSTRAINT `candidato_ibfk_3` FOREIGN KEY (`id_partido`) REFERENCES `partido` (`id_partido`) ON DELETE CASCADE,
  CONSTRAINT `candidato_ibfk_4` FOREIGN KEY (`id_eleccion`) REFERENCES `eleccion` (`id_eleccion`) ON DELETE CASCADE
) ENGINE=InnoDB DEFAULT CHARSET=utf8;
/*!40101 SET character_set_client = @saved_cs_client */;

--
-- Dumping data for table `candidato`
--

LOCK TABLES `candidato` WRITE;
/*!40000 ALTER TABLE `candidato` DISABLE KEYS */;
INSERT INTO `candidato` VALUES (10,425,1,3),(11,19,2,3),(12,681,3,3),(13,129,5,3),(14,425,1,4),(15,570,2,4),(16,681,3,4),(17,129,5,4),(18,77,1,5),(19,521,2,5),(20,652,3,5),(21,318,5,5),(22,76,1,6),(23,28,2,6),(24,93,3,6),(25,90,5,6),(26,18,1,7),(27,81,2,7),(28,88,3,7),(29,71,5,7),(30,183,1,8),(31,130,2,8),(32,152,3,8),(33,139,5,8),(34,119,1,9),(35,199,2,9),(36,175,3,9),(37,111,5,9),(38,271,1,10),(39,320,2,10),(40,234,3,10),(41,228,5,10),(42,233,1,11),(43,285,2,11),(44,230,3,11),(45,257,5,11),(46,379,1,12),(47,383,2,12),(48,413,3,12),(49,458,5,12),(50,17,1,13),(51,35,2,13),(52,18,3,13),(53,28,5,13),(54,216,1,14),(55,229,2,14),(56,201,3,14),(57,229,4,14),(58,222,5,14),(59,205,1,15),(60,249,2,15),(61,226,3,15),(62,240,4,15),(63,217,5,15),(64,101,1,16),(65,111,2,16),(66,140,3,16),(67,111,5,16);
/*!40000 ALTER TABLE `candidato` ENABLE KEYS */;
UNLOCK TABLES;

--
-- Table structure for table `cargo`
--

DROP TABLE IF EXISTS `cargo`;
/*!40101 SET @saved_cs_client     = @@character_set_client */;
/*!40101 SET character_set_client = utf8 */;
CREATE TABLE `cargo` (
  `id_eleccion` int(11) NOT NULL,
  `titulo` varchar(50) NOT NULL,
  PRIMARY KEY (`id_eleccion`),
  CONSTRAINT `cargo_ibfk_1` FOREIGN KEY (`id_eleccion`) REFERENCES `eleccion` (`id_eleccion`) ON DELETE CASCADE
) ENGINE=InnoDB DEFAULT CHARSET=utf8;
/*!40101 SET character_set_client = @saved_cs_client */;

--
-- Dumping data for table `cargo`
--

LOCK TABLES `cargo` WRITE;
/*!40000 ALTER TABLE `cargo` DISABLE KEYS */;
INSERT INTO `cargo` VALUES (3,'Presidente'),(4,'Presidente'),(5,'Diputado'),(6,'Gobernador'),(7,'Gobernador'),(8,'Gobernador'),(9,'Gobernador'),(10,'Gobernador'),(11,'Gobernador'),(12,'Gobernador'),(13,'Intendente'),(14,'Intendente'),(15,'Intendente'),(16,'Intendente');
/*!40000 ALTER TABLE `cargo` ENABLE KEYS */;
UNLOCK TABLES;

--
-- Table structure for table `centro`
--

DROP TABLE IF EXISTS `centro`;
/*!40101 SET @saved_cs_client     = @@character_set_client */;
/*!40101 SET character_set_client = utf8 */;
CREATE TABLE `centro` (
  `id_centro` int(11) NOT NULL AUTO_INCREMENT,
  `direccion` varchar(200) NOT NULL,
  PRIMARY KEY (`id_centro`)
) ENGINE=InnoDB AUTO_INCREMENT=71 DEFAULT CHARSET=utf8;
/*!40101 SET character_set_client = @saved_cs_client */;

--
-- Dumping data for table `centro`
--

LOCK TABLES `centro` WRITE;
/*!40000 ALTER TABLE `centro` DISABLE KEYS */;
INSERT INTO `centro` VALUES (1,'En algún lado'),(2,'En algún lado'),(3,'En algún lado'),(4,'En algún lado'),(5,'En algún lado'),(6,'En algún lado'),(7,'En algún lado'),(8,'En algún lado'),(9,'En algún lado'),(10,'En algún lado'),(11,'En algún lado'),(12,'En algún lado'),(13,'En algún lado'),(14,'En algún lado'),(15,'En algún lado'),(16,'En algún lado'),(17,'En algún lado'),(18,'En algún lado'),(19,'En algún lado'),(20,'En algún lado'),(21,'En algún lado'),(22,'En algún lado'),(23,'En algún lado'),(24,'En algún lado'),(25,'En algún lado'),(26,'En algún lado'),(27,'En algún lado'),(28,'En algún lado'),(29,'En algún lado'),(30,'En algún lado'),(31,'En algún lado'),(32,'En algún lado'),(33,'En algún lado'),(34,'En algún lado'),(35,'En algún lado'),(36,'En algún lado'),(37,'En algún lado'),(38,'En algún lado'),(39,'En algún lado'),(40,'En algún lado'),(41,'En algún lado'),(42,'En algún lado'),(43,'En algún lado'),(44,'En algún lado'),(45,'En algún lado'),(46,'En algún lado'),(47,'En algún lado'),(48,'En algún lado'),(49,'En algún lado'),(50,'En algún lado'),(51,'En algún lado'),(52,'En algún lado'),(53,'En algún lado'),(54,'En algún lado'),(55,'En algún lado'),(56,'En algún lado'),(57,'En algún lado'),(58,'En algún lado'),(59,'En algún lado'),(60,'En algún lado'),(61,'En algún lado'),(62,'En algún lado'),(63,'En algún lado'),(64,'En algún lado'),(65,'En algún lado'),(66,'En algún lado'),(67,'En algún lado'),(68,'En algún lado'),(69,'En algún lado'),(70,'En algún lado');
/*!40000 ALTER TABLE `centro` ENABLE KEYS */;
UNLOCK TABLES;

--
-- Table structure for table `ciudadano`
--

DROP TABLE IF EXISTS `ciudadano`;
/*!40101 SET @saved_cs_client     = @@character_set_client */;
/*!40101 SET character_set_client = utf8 */;
CREATE TABLE `ciudadano` (
  `id_ciudadano` int(11) NOT NULL AUTO_INCREMENT,
  `DNI` int(8) NOT NULL,
  `nombres` varchar(200) NOT NULL,
  `apellidos` varchar(200) NOT NULL,
  `fecha_nacimiento` datetime NOT NULL,
  PRIMARY KEY (`id_ciudadano`),
  UNIQUE KEY `DNI` (`DNI`)
) ENGINE=InnoDB AUTO_INCREMENT=701 DEFAULT CHARSET=utf8;
/*!40101 SET character_set_client = @saved_cs_client */;

--
-- Dumping data for table `ciudadano`
--

LOCK TABLES `ciudadano` WRITE;
/*!40000 ALTER TABLE `ciudadano` DISABLE KEYS */;
INSERT INTO `ciudadano` VALUES (1,17245738,'Carmen','Gavira Fornes','1967-03-03 00:00:00'),(2,11887622,'Patricia','Oliveros Hermoso','1975-05-27 00:00:00'),(3,36752506,'Celia','Villalta Del Toro','1950-08-24 00:00:00'),(4,32646299,'Maríano','Gabarri Capilla','1961-06-02 00:00:00'),(5,36910047,'José Manuel','Climent Torralbo','1956-09-30 00:00:00'),(6,19150283,'Sonia','Iglesias Company','1940-09-27 00:00:00'),(7,14475868,'Purificacion','Cervera Gaspar','1980-02-06 00:00:00'),(8,28857435,'Ricardo','Baños Melero','1955-01-19 00:00:00'),(9,31695934,'Sebastian','Catalan Blanes','1985-12-01 00:00:00'),(10,28772181,'Albert','Cozar De La Torre','1972-12-26 00:00:00'),(11,29554512,'Veronica','Iborra Saavedra','1988-07-10 00:00:00'),(12,19800854,'Pablo','Quiroga Valverde','1995-11-20 00:00:00'),(13,11661991,'Nicolas','Miñano Azorin','1981-04-23 00:00:00'),(14,29659801,'Cristian','Fuster Irigoyen','1997-05-26 00:00:00'),(15,35754023,'Oscar','Busto Montañes','1975-05-21 00:00:00'),(16,29105451,'Luis Miguel','Escalante Utrera','1994-01-12 00:00:00'),(17,19274309,'Miguel Ángel','Solorzano Roldan','1957-03-02 00:00:00'),(18,12350131,'Marcos','Miralles Carrera','1964-04-30 00:00:00'),(19,17501432,'Claudia','Larios Queralt','1997-09-07 00:00:00'),(20,13934023,'Alfredo','Quiles Cascales','1971-06-11 00:00:00'),(21,32804747,'Encarnacion','Llamas Diallo','1988-11-14 00:00:00'),(22,27398614,'Alicia','Benavente Salvado','1963-11-20 00:00:00'),(23,18256332,'Emilio','Solano Muriel','1981-12-08 00:00:00'),(24,19605090,'María','Concepcion Doval Cañete','1989-12-14 00:00:00'),(25,39568983,'David','Sempere Matas','1986-12-10 00:00:00'),(26,21221455,'Ángeles','Vendrell Cuevas','1949-12-04 00:00:00'),(27,11152307,'Mercedes','Mondejar Sarria','1997-05-05 00:00:00'),(28,25343313,'Oscar','Carrion Andres','1940-01-18 00:00:00'),(29,17155738,'Ange',' Chen Etxeberria','1989-10-05 00:00:00'),(30,31471691,'Felix','Mosquera Marti','1970-12-11 00:00:00'),(31,37692038,'Marcos','Montalban Gilabert','1999-04-08 00:00:00'),(32,36737860,'Julio ','argas Valiente','1978-05-03 00:00:00'),(33,21029791,'Carla','Tovar Oller','1975-01-05 00:00:00'),(34,15482465,'Andres','Fornes Cañadas','1951-08-12 00:00:00'),(35,26407628,'Sandra','Poza Vigo','1984-09-03 00:00:00'),(36,32897884,'Aitor','Fontan Asencio','1988-10-12 00:00:00'),(37,39296758,'Yolanda','Manresa Perez','1941-07-03 00:00:00'),(38,11649631,'Luis Miguel','San Román Donaire','1965-05-15 00:00:00'),(39,20335711,'Agustin','Duro Mayol','1972-02-02 00:00:00'),(40,35469043,'Ines','Alsina Deniz','1994-05-15 00:00:00'),(41,25840711,'Lorena','Arcas Loureiro','1981-08-15 00:00:00'),(42,11575764,'Alfredo','Villarreal Elias','1989-09-24 00:00:00'),(43,17829455,'Pilar','Del Alamo Daza','1975-12-01 00:00:00'),(44,30293574,'María Ángeles','Antequera Montalvo','1961-03-25 00:00:00'),(45,11587308,'Manuel','Mayol Maeso','1944-01-09 00:00:00'),(46,34228312,'Cristian','Loureiro Manso','1999-12-06 00:00:00'),(47,26590655,'Luis','Arnau Lafuente','1947-01-17 00:00:00'),(48,18198227,'María','Jesús Anton Ruz','1978-05-05 00:00:00'),(49,14895298,'Juan','Carlos Benavente Arguelles','1972-10-15 00:00:00'),(50,30678449,'María','Nieves Regueiro Graña','1952-11-15 00:00:00'),(51,15956614,'Raquel','Freire Quintanilla','1998-06-03 00:00:00'),(52,38123058,'Fernando','Florez Azcona','1974-09-13 00:00:00'),(53,33836740,'Ismael','Calatayud Pachon','1966-03-12 00:00:00'),(54,37551175,'Joaquin','Sanchez Amigo','1980-03-21 00:00:00'),(55,32259113,'Ángeles','Artiles Barranco','1978-12-12 00:00:00'),(56,13606860,'Maríano','Gaspar Sarria','1966-11-05 00:00:00'),(57,38230283,'Antonia','Ponce Paños','1947-07-20 00:00:00'),(58,26136523,'José Ramon','Romeu Lucas','1957-04-18 00:00:00'),(59,34438068,'Joaquin','Villarejo Gordon','1964-04-07 00:00:00'),(60,22839448,'Xavier','Calderon Barrientos','1961-06-05 00:00:00'),(61,39935765,'María Carmen','Gomariz Beltran','1968-09-11 00:00:00'),(62,36793185,'Juan','Molano Tinoco','1985-12-08 00:00:00'),(63,12120437,'Victor','Moran Vivar','1958-03-20 00:00:00'),(64,18845959,'Vicente','Rubiales Donoso','1941-03-13 00:00:00'),(65,30101981,'José Ramon','Flores Leyva','1942-07-24 00:00:00'),(66,28110604,'Alejandro','Corpas Cerro','1944-08-12 00:00:00'),(67,20607114,'Adrian','Granda Raposo','1996-07-31 00:00:00'),(68,26734368,'Beatriz','Ulloa Herraez','1985-01-27 00:00:00'),(69,31380560,'Francisco','Cuenca Camacho','1998-09-20 00:00:00'),(70,34776890,'Elena','Del Campo Palacin','1974-12-13 00:00:00'),(71,15964920,'Gregorio','Benavente Centeno','1984-02-22 00:00:00'),(72,15976359,'Sara','Batista Solano','1983-10-11 00:00:00'),(73,38582183,'Roberto','Viñas Casillas','1993-06-22 00:00:00'),(74,11343129,'Sofia','Rojano Postigo','1971-03-01 00:00:00'),(75,26345651,'Ruben','David Nieto','1940-09-18 00:00:00'),(76,11015592,'María Cristina','Martín Pajuelo','1989-08-25 00:00:00'),(77,29821852,'Esperanza','Medina Guirado','1992-09-02 00:00:00'),(78,33508078,'Elena','Vivas Troya','1991-12-01 00:00:00'),(79,14082811,'Diego Román','Toscano','1979-12-02 00:00:00'),(80,22614947,'Margarita','Ramiro Acero','1962-07-30 00:00:00'),(81,11468277,'Francisco Javier','Madariaga Huguet','1964-02-01 00:00:00'),(82,27951678,'Sonia','De Jesús De Lucas','1980-08-10 00:00:00'),(83,27601679,'Hector','Calle Piña','1966-05-13 00:00:00'),(84,24426209,'José Ángel','Rubia Andrades','1967-09-30 00:00:00'),(85,17752541,'Juana','Tejada Calatayud','1960-02-16 00:00:00'),(86,28016639,'Emilio','Palazon Villaescusa','1965-10-24 00:00:00'),(87,37372479,'Marc','Silva Escolar','1943-03-11 00:00:00'),(88,11702894,'María Rosario','Cobos Capitan','1946-10-18 00:00:00'),(89,29784432,'Enrique','Tamarit Orts','1961-05-24 00:00:00'),(90,22277858,'Juan Francisco','Gonzalvez Cristobal','1978-11-22 00:00:00'),(91,39421243,'María Cristina','Comas Florez','1997-12-08 00:00:00'),(92,20544664,'Alejandro','Motos Cuesta','1961-02-06 00:00:00'),(93,33088415,'Francisco','José Pedrosa Toral','1977-09-07 00:00:00'),(94,27909233,'Teresa','Martos Azcona','1964-07-18 00:00:00'),(95,29901640,'Ruben','Plaza Solorzano','1954-10-01 00:00:00'),(96,14143175,'Eva','Salas Caño','1948-10-17 00:00:00'),(97,24286033,'Gregorio','Soriano Chico','1968-03-03 00:00:00'),(98,32736548,'Javier','Caravaca Vargas','1991-01-06 00:00:00'),(99,22572535,'Gloria','Acosta Bas','1981-10-24 00:00:00'),(100,26084643,'Inmaculada','Arencibia Galisteo','1987-09-16 00:00:00'),(101,15689432,'María','Antequera Segarra','1972-03-20 00:00:00'),(102,29939755,'Noelia','Casillas Morata','1976-08-18 00:00:00'),(103,31985801,'Alejandro','Albaladejo Zamora','1995-09-15 00:00:00'),(104,23562348,'Marina','Pablo Capdevila','1963-03-31 00:00:00'),(105,39700607,'María','Nieves Carracedo Andres','1985-02-23 00:00:00'),(106,19537842,'Juan','Constantin De Los Santos','1957-11-14 00:00:00'),(107,20153745,'Oscar','Pou Rios','1976-11-22 00:00:00'),(108,30254546,'Oscar','Patiño Palacin','1987-05-10 00:00:00'),(109,19174702,'Ignacio','Benito De Miguel','1979-04-01 00:00:00'),(110,39886621,'Veronica','San José Huguet','1967-03-29 00:00:00'),(111,36156233,'Francisco Javier','Aroca Raposo','1979-01-20 00:00:00'),(112,30177662,'Ángela','Hermoso Abril','1974-11-11 00:00:00'),(113,17718221,'Susana','Torrico Vaca','1971-11-19 00:00:00'),(114,27429451,'Encarnacion','Mestre Villarreal','1964-04-04 00:00:00'),(115,23733964,'Aurora','Cruces Burgos','2000-03-05 00:00:00'),(116,32382725,'Julia','Rayo Gaitan','1941-07-23 00:00:00'),(117,38764829,'José Luis','Recuero Albarran','1965-02-17 00:00:00'),(118,31921381,'Francisca','Sanz Escalera','1985-06-02 00:00:00'),(119,21381172,'Paula','Lamas Fernandes','1970-03-02 00:00:00'),(120,24668831,'María','Mercedes Tellez Pinilla','1941-02-13 00:00:00'),(121,33941446,'Sonia','Mosquera Puente','1973-12-15 00:00:00'),(122,23602890,'Ana','Belen Barrientos Hernan','1942-01-01 00:00:00'),(123,34251655,'Sofia','Sevillano Bellido','1954-10-17 00:00:00'),(124,28181082,'Jaime','De Frutos Rueda','1958-10-28 00:00:00'),(125,14808512,'Albert','Mir Cuadra','1992-08-03 00:00:00'),(126,22708665,'Francisco','Encinas Constantin','1941-05-30 00:00:00'),(127,22119328,'Antonio','Solana Barrera','1986-05-25 00:00:00'),(128,20468450,'Ines','Llado Pereda','1956-02-01 00:00:00'),(129,31679117,'Miguel','Barber Abascal','1993-06-28 00:00:00'),(130,39973345,'Miriam','Quintela Arias','1973-03-02 00:00:00'),(131,26745355,'Juan','Jorda Valenciano','1974-11-16 00:00:00'),(132,11982182,'José María','Barrul Matilla','1959-09-11 00:00:00'),(133,23949931,'Xavier','Garriga Mejia','1962-02-01 00:00:00'),(134,24381039,'María Teresa','Gonzalez Carazo','1989-02-22 00:00:00'),(135,27709653,'Ricardo','Simarro Vendrell','1985-07-04 00:00:00'),(136,34690795,'Victor','De La Hoz Requejo','1959-04-22 00:00:00'),(137,20054656,'Eugenio','Bernabe Paños','1983-03-10 00:00:00'),(138,30216460,'Cristina','Diallo Calvente','1948-01-02 00:00:00'),(139,34513228,'Ángeles','Callejon Illescas','1986-07-05 00:00:00'),(140,39156118,'Sebastian','Cuenca Bonillo','1950-09-06 00:00:00'),(141,15209267,'Santiago','Betancor Puebla','1984-06-11 00:00:00'),(142,16270323,'Hugo','Molinero Torrico','1990-09-04 00:00:00'),(143,11944245,'Sandra','Salinas De Los Reyes','1954-02-20 00:00:00'),(144,15363349,'Victor','Manuel Pol Gascon','1967-01-17 00:00:00'),(145,21640143,'Manuela','Villarreal Doncel','1940-12-18 00:00:00'),(146,30281686,'Miguel','Ángel Rojano Muriel','1940-09-06 00:00:00'),(147,37001840,'Albert','Arellano Rua','1982-12-22 00:00:00'),(148,17168555,'Dolores','Segovia Melian','1981-06-14 00:00:00'),(149,24709317,'Ángel','Doval Quilez','1961-07-08 00:00:00'),(150,11165543,'Nicolas','Rabadan Aguero','1958-06-19 00:00:00'),(151,29988641,'José María','Palenzuela San Miguel','1986-11-30 00:00:00'),(152,11575639,'Raul','Arroyo Carbo','2000-08-22 00:00:00'),(153,32404975,'María Victoria','Cabezas De Oliveira','1959-10-21 00:00:00'),(154,16164238,'Juan Luis','Elvira Ricart','1974-12-13 00:00:00'),(155,18997847,'Pilar','Cubero Bañon','1966-07-03 00:00:00'),(156,33464424,'María Isabel','Montilla Villarejo','1978-11-02 00:00:00'),(157,23861328,'Rosa María','Medrano Corpas','1944-01-22 00:00:00'),(158,31864245,'Jesús','San Juan Encinas','1943-05-21 00:00:00'),(159,24205524,'Rocio','Escribano Colas','1966-05-03 00:00:00'),(160,34386483,'Milagros','Cuadra Sabater','1993-06-25 00:00:00'),(161,33370510,'Andrea','Campo Feliú','1972-09-08 00:00:00'),(162,24425081,'Sebastian','Recio Sicilia','1997-08-10 00:00:00'),(163,20061168,'Eugenio','Quintanilla Sanabria','1990-04-20 00:00:00'),(164,39512335,'María Mercedes','Almansa Flores','1970-12-13 00:00:00'),(165,32296570,'María Jesús','Asensio Reverte','1955-12-03 00:00:00'),(166,33744240,'Jordi','Peñalver Palacin','1942-01-04 00:00:00'),(167,23386649,'Andrea','Brea Borges','1946-02-14 00:00:00'),(168,22684375,'Dolores','Gea Mestres','1984-12-19 00:00:00'),(169,39010058,'Montserrat','Hinojosa Holguin','1947-02-13 00:00:00'),(170,17218255,'Rosa María','Uceda Comas','1986-06-19 00:00:00'),(171,34218417,'Aurora','Porta Granero','1962-10-15 00:00:00'),(172,25579429,'Hugo','Salazar Miñano','1987-07-31 00:00:00'),(173,33113443,'Ángela','Riba Matei','1962-08-19 00:00:00'),(174,26359881,'Pedro Nicolas','Urbano','1975-09-18 00:00:00'),(175,14257376,'Francisca','Pereda Maroto','1941-02-09 00:00:00'),(176,20428840,'Juan Francisco','Redondo Barreto','1997-07-12 00:00:00'),(177,33995228,'Jaime','Del Campo Matei','1956-06-27 00:00:00'),(178,32411095,'José Ángel','Cayuela Vivancos','1991-05-04 00:00:00'),(179,34967077,'Sebastian Andres','Aller','1952-12-11 00:00:00'),(180,11410693,'Javier','Maestre Lopera','1988-01-12 00:00:00'),(181,33165946,'Lidia','Zarate Planas','1960-01-16 00:00:00'),(182,18387141,'Monica','Botella Borras','1952-03-11 00:00:00'),(183,21633367,'José María','Alvarado Arnedo','1997-05-13 00:00:00'),(184,17450559,'Ana Isabel','Gallart Justicia','1963-06-29 00:00:00'),(185,34276205,'Andres','Seijas Climent','1959-04-22 00:00:00'),(186,35160849,'Joséfina','Prados Solano','1983-08-03 00:00:00'),(187,36385694,'Iván','Sendra Magaña','1971-05-15 00:00:00'),(188,11966031,'Julia','Cantero Briz','1965-05-20 00:00:00'),(189,20122984,'Iván','Corral Guardiola','1968-05-21 00:00:00'),(190,26180860,'Juan Manuel','Gimenez Carbonell','1998-04-14 00:00:00'),(191,13090800,'Diego','Saavedra Galiana','1972-04-25 00:00:00'),(192,22489555,'Lorena','Alegre Carrascal','1953-07-19 00:00:00'),(193,31088171,'Esperanza','Quero Mediavilla','1952-06-29 00:00:00'),(194,38450255,'Cesar','Zaragoza Insua','1978-05-29 00:00:00'),(195,26484171,'Juan Luis','Insua Trejo','1992-10-10 00:00:00'),(196,38346363,'Marina','Vivar Marin','1977-07-18 00:00:00'),(197,30406204,'Celia','Serrano Hita','1999-06-06 00:00:00'),(198,13158969,'Diego','Rufo Bello','1986-04-27 00:00:00'),(199,23951250,'Teresa','Melero Llano','1965-12-13 00:00:00'),(200,33886302,'Pilar','Del Valle Otero','1992-04-14 00:00:00'),(201,18936843,'Juan Carlos','Doncel Mozo','1955-11-03 00:00:00'),(202,16886969,'Paula','Sempere Arrabal','1962-08-29 00:00:00'),(203,26040681,'Martín','De Los Rios Funes','1982-09-21 00:00:00'),(204,35319191,'Eugenio','Ceballos Otero','1981-01-03 00:00:00'),(205,27598571,'Daniel','Trueba Boza','1946-07-08 00:00:00'),(206,13972166,'David','Sarria Illescas','1957-12-12 00:00:00'),(207,18403215,'María','Joséfa Rodrigues Herrera','1958-01-02 00:00:00'),(208,29079857,'Yolanda','Peris Osorio','1983-07-02 00:00:00'),(209,26407470,'Cristobal','Candel Ledo','1975-12-23 00:00:00'),(210,32679950,'Felix','Escudero Orozco','1944-12-29 00:00:00'),(211,13665460,'Xavier','Casado Azorin','1945-06-27 00:00:00'),(212,30878042,'Esther','Alegre Cabanes','1990-12-05 00:00:00'),(213,30851899,'Roberto','Cava Lugo','1969-12-26 00:00:00'),(214,24556518,'María Mercedes','Balde Brito','1973-06-16 00:00:00'),(215,21316553,'Juan','Pelaez Alsina','1963-03-17 00:00:00'),(216,24621008,'Ismael','Paniagua Arranz','1991-01-21 00:00:00'),(217,18739445,'Xavier','Arroyo Higueras','1983-10-22 00:00:00'),(218,14043867,'Domingo','Rufo Rosillo','1961-12-13 00:00:00'),(219,31616255,'Ana','Valbuena Jorge','1941-08-20 00:00:00'),(220,27547374,'Silvia','Muñiz Hierro','1982-06-03 00:00:00'),(221,36426606,'Xavier','Claros Llacer','1956-01-14 00:00:00'),(222,20430216,'Claudia','Giraldez Artero','1990-12-02 00:00:00'),(223,11396092,'Irene','Toribio Garriga','1976-06-11 00:00:00'),(224,31869702,'Claudia','Buzon Ribeiro','1966-01-01 00:00:00'),(225,11285550,'Olga','Restrepo Castello','1960-05-15 00:00:00'),(226,36293669,'Marta','Otero Leon','1954-09-08 00:00:00'),(227,11415295,'Ines','Guerra Piñero','1944-04-01 00:00:00'),(228,16974838,'Ana','Peralta Noya','1991-08-09 00:00:00'),(229,36163407,'Jordi','Insua Alcañiz','1970-07-17 00:00:00'),(230,11447497,'María Antonia','Borrell Morata','1956-07-19 00:00:00'),(231,38056355,'Gabriel','Miro Sempere','1972-09-05 00:00:00'),(232,15635914,'Catalina','Barrientos Bellon','1983-04-03 00:00:00'),(233,39133741,'Hugo','Rozas Rojano','1951-11-18 00:00:00'),(234,27052102,'José Carlos','Verdugo Prat','1944-12-19 00:00:00'),(235,16666051,'Esperanza','Gelabert Montaña','1951-02-26 00:00:00'),(236,21325212,'Milagros','Bonillo Armero','1978-04-12 00:00:00'),(237,12201349,'Juan Antonio','Ezquerro Planells','1969-08-27 00:00:00'),(238,31877154,'Luisa','Claros Reverte','1968-03-01 00:00:00'),(239,28187362,'Mercedes','Ibarra Betancor','1978-10-13 00:00:00'),(240,30508742,'Jesús','Galiano Saavedra','1967-02-28 00:00:00'),(241,29628585,'Juan','Exposito Palenzuela','1945-11-13 00:00:00'),(242,22825185,'Manuel','Carrera Monzon','1956-08-05 00:00:00'),(243,35897241,'Margarita María','Jaume','1974-07-30 00:00:00'),(244,35486081,'Victor','Manuel Canto Mate','1948-07-21 00:00:00'),(245,29046668,'Sofia','Moraga Duarte','1950-09-28 00:00:00'),(246,25027641,'María Luisa','Catalan Estruch','1978-02-26 00:00:00'),(247,15986741,'Veronica','Recio Ivánov','1940-06-11 00:00:00'),(248,19126098,'Purificacion','San Martín Codina','1957-08-06 00:00:00'),(249,11593219,'Carmen','Sedano Morillo','1969-10-25 00:00:00'),(250,39378891,'María','Nieves Sevillano Gordon','1944-06-05 00:00:00'),(251,15609336,'Nuria','Patiño Herraiz','1990-03-28 00:00:00'),(252,20794106,'Maríano','Puebla Negrin','1990-11-19 00:00:00'),(253,32232504,'Joaquin','Cortina Angulo','1953-03-12 00:00:00'),(254,22565611,'Nicolas','Estrada Estepa','1998-04-15 00:00:00'),(255,11614634,'Domingo','Bejar Garate','1940-06-24 00:00:00'),(256,23152754,'Juana','Lillo Larrosa','1958-06-02 00:00:00'),(257,26900613,'Mercedes','Mancilla Milla','1968-02-25 00:00:00'),(258,15429548,'Lorenzo','Infante Gil','1965-05-08 00:00:00'),(259,16116159,'Sandra','Sedano Parrilla','1983-09-25 00:00:00'),(260,33282564,'Consuelo','Armengol Peiro','1992-04-16 00:00:00'),(261,19231015,'María Luisa','Molero Palacin','1960-03-11 00:00:00'),(262,29861449,'Inmaculada','Tabares Cabello','1975-05-28 00:00:00'),(263,19893056,'Francisco Javier','Leiva Molano','1986-06-12 00:00:00'),(264,17448332,'Claudia','Cazorla Sobrino','1969-02-03 00:00:00'),(265,13132128,'Francisco Javier','Ribera Marchena','1979-08-24 00:00:00'),(266,11470773,'Paula','Contreras Melgar','1942-04-04 00:00:00'),(267,28238945,'Francisca','Segui Sevillano','1961-04-22 00:00:00'),(268,13541723,'Eugenio','Goñi Varona','1947-05-02 00:00:00'),(269,38082792,'Mohamed','Coto Jareño','1993-11-30 00:00:00'),(270,18056957,'Lidia','Bedoya Vico','1972-11-02 00:00:00'),(271,33970639,'José Carlos','Jove Moya','1946-03-23 00:00:00'),(272,12563757,'Alvaro','Cancela Jareño','1962-05-16 00:00:00'),(273,16010258,'Alberto','Canals Coronado','1955-01-20 00:00:00'),(274,17626323,'Nuria','Mendes Poyatos','1973-09-30 00:00:00'),(275,22644930,'Joan','Chica Carrero','1947-04-07 00:00:00'),(276,30065762,'Esther','Saenz Varona','1971-12-15 00:00:00'),(277,14955442,'María','Jesús Conejo Leal','1944-12-21 00:00:00'),(278,14313854,'Emilio','Teruel Escobedo','1971-11-28 00:00:00'),(279,32606133,'José Ramon','Toscano Ribas','1941-10-31 00:00:00'),(280,22346150,'Manuela','Collado Luengo','1968-09-23 00:00:00'),(281,20175577,'Lucia','Torrens Rivas','1963-03-04 00:00:00'),(282,33332914,'Ana','Isabel Pombo Dalmau','1973-10-08 00:00:00'),(283,23216541,'Silvia','Juan Aguilar','1943-07-17 00:00:00'),(284,26209744,'Victor','Chinea Toral','2000-02-09 00:00:00'),(285,34742647,'Cristobal','Pavon Cerdan','1948-01-21 00:00:00'),(286,18623770,'David','Camarasa Taboada','1944-10-01 00:00:00'),(287,27462216,'Jorge','Vivar Bellido','1941-03-21 00:00:00'),(288,34903119,'Esther','Lumbreras Tamarit','1991-07-07 00:00:00'),(289,25726265,'Guillermo','Pou Sala','1970-06-12 00:00:00'),(290,36016265,'María','Mar Llanos Pascual','1955-10-02 00:00:00'),(291,21942524,'Juan','Lazaro Valera','1986-06-22 00:00:00'),(292,27824973,'Eduardo','Mora Zambrano','1976-02-29 00:00:00'),(293,29413605,'Rafael','Villarejo Bermejo','1978-02-24 00:00:00'),(294,28335303,'María Mercedes','Carballo Arnedo','1980-12-20 00:00:00'),(295,21499255,'María Antonia','Arribas Vilalta','1993-08-10 00:00:00'),(296,36597185,'Carlos','Juarez Iñiguez','1981-10-27 00:00:00'),(297,28251760,'Catalina','Chacon Pomares','1998-12-17 00:00:00'),(298,24410174,'José Carlos','Lemos Palencia','1953-10-30 00:00:00'),(299,21978007,'Ramon','Jove Solsona','1956-07-17 00:00:00'),(300,14517810,'Vicente','Hueso Barber','1967-04-19 00:00:00'),(301,14086981,'Guillermo','Herrador Riera','1999-10-29 00:00:00'),(302,29789339,'Ana Isabel','Baeza Cobos','1970-04-27 00:00:00'),(303,30459578,'María Antonia','Bajo Lucena','1980-03-05 00:00:00'),(304,17056891,'Celia','Carreras Bethencourt','2000-04-09 00:00:00'),(305,38404467,'Juan José','Casas Catala','1976-10-22 00:00:00'),(306,15497422,'Celia','Perez Sole','1984-12-26 00:00:00'),(307,31222133,'Gloria','Rosello Tamayo','1941-08-25 00:00:00'),(308,14545710,'Silvia','Bethencourt Arenas','1940-05-25 00:00:00'),(309,27324175,'Rocio','Orgaz Camps','1992-11-03 00:00:00'),(310,11532748,'Eugenio','Camarasa Aliaga','1948-02-21 00:00:00'),(311,21279708,'Carla','Amor Abreu','1990-06-24 00:00:00'),(312,25421696,'Carlos','Poyatos Justo','1958-08-11 00:00:00'),(313,34389230,'María','Nieves Salido Domingo','1999-01-23 00:00:00'),(314,13809781,'Sebastian','Patiño Vela','1968-10-16 00:00:00'),(315,14880311,'Ricardo','Osorio Teran','1942-05-04 00:00:00'),(316,37184213,'Julio','Escobar Fonseca','1990-07-26 00:00:00'),(317,23721095,'Rocio','Mas Guerrero','1942-09-13 00:00:00'),(318,26441830,'José Carlos','Acedo Maeso','1995-12-16 00:00:00'),(319,12877282,'Miguel','Marin Zurita','1983-04-05 00:00:00'),(320,33367675,'Alejandro','Belmonte Patiño','1961-09-27 00:00:00'),(321,19425177,'Alvaro','Cazorla Polanco','1979-09-26 00:00:00'),(322,36256447,'Cristian','Toral Pares','1968-01-26 00:00:00'),(323,38394291,'Victoria','Sanz Cuervo','1977-06-26 00:00:00'),(324,35314041,'Guillermo','Criado Aguilar','1987-04-23 00:00:00'),(325,13950145,'María Isabel','Mariño Lasa','1994-09-06 00:00:00'),(326,28268942,'María José','Pombo Sevillano','1946-03-20 00:00:00'),(327,35764263,'Rosario','Villarroel Popescu','1946-03-12 00:00:00'),(328,13355107,'Tomás','Clavijo Naranjo','1991-09-12 00:00:00'),(329,21289197,'Carolina','San Juan Checa','1959-07-08 00:00:00'),(330,39322462,'Catalina','Asensi Guijarro','1998-10-30 00:00:00'),(331,26501244,'Jordi','Segui Simon','1965-01-03 00:00:00'),(332,29555731,'Catalina','Prado Mercado','1944-06-07 00:00:00'),(333,30414790,'Juan','Carlos Morcillo Blasco','1990-11-22 00:00:00'),(334,28901441,'Sebastian','Guaman Llorente','1970-07-19 00:00:00'),(335,29930161,'Veronica','Pajuelo Rodrigues','1948-06-22 00:00:00'),(336,21425029,'Miguel Ángel','Megias Anton','1992-07-26 00:00:00'),(337,13565700,'Antonia','Ponce Giron','1955-05-30 00:00:00'),(338,29069236,'Ana Isabel','Troya Paredes','1962-03-07 00:00:00'),(339,27326861,'Jaime','Vendrell Balaguer','1991-06-03 00:00:00'),(340,25994595,'Susana','Arteaga Vivanco','1957-01-11 00:00:00'),(341,33640055,'Concepcion','Lopera Noriega','1970-10-11 00:00:00'),(342,15566057,'Veronica','Del Pino Arteaga','1989-03-27 00:00:00'),(343,23607291,'Pedro','Goñi OÑAte','1987-01-17 00:00:00'),(344,19253406,'Olga','Aller Pires','1961-06-17 00:00:00'),(345,34214065,'Iván','Ortuño Rodero','1952-02-29 00:00:00'),(346,30302117,'Rocio','Morgado Borrell','1988-12-06 00:00:00'),(347,35388697,'Ramon','Bonilla Planells','1982-03-22 00:00:00'),(348,37780745,'Mario','Cava Mato','1980-02-04 00:00:00'),(349,22048463,'Joséfa','Garriga Filgueira','1940-08-22 00:00:00'),(350,34602764,'Sandra','Antolin Pimentel','1954-07-01 00:00:00'),(351,36815587,'Luis','Del Hoyo Vacas','1982-04-28 00:00:00'),(352,37361202,'Veronica','Conejo Chavez','1991-04-05 00:00:00'),(353,17377551,'Andres','Salido Arrieta','1986-08-02 00:00:00'),(354,20254548,'Fernando','Ibarra Casanovas','1976-05-11 00:00:00'),(355,31686570,'Patricia','Espinola Garcia','1969-12-24 00:00:00'),(356,39631174,'Cesar','Pereiro Brea','1988-06-21 00:00:00'),(357,29146587,'Gabriel','Vazquez Amigo','1991-03-12 00:00:00'),(358,39091007,'Gloria','Melian Lobato','1950-02-05 00:00:00'),(359,19325427,'Mohamed Santiago','Montiel','2000-01-19 00:00:00'),(360,18568026,'María Luisa','Artero Mugica','1950-02-02 00:00:00'),(361,12447198,'María Mercedes','Soto De Castro','1994-08-09 00:00:00'),(362,19624224,'Susana','Carrasco Garay','1976-03-29 00:00:00'),(363,16480571,'Isabel','Jove Bauza','1991-08-09 00:00:00'),(364,33525212,'María','Rubiales Esparza','1947-12-05 00:00:00'),(365,22717342,'Luis Miguel','Font Pena','1977-06-08 00:00:00'),(366,14303246,'Juan Luis','Font De Pablo','1994-05-23 00:00:00'),(367,36497330,'Hector','Guardia Bermudez','1966-05-26 00:00:00'),(368,13607012,'Concepcion','Portela Pons','1950-10-05 00:00:00'),(369,15612432,'José Manuel','Zamorano Burgos','1959-08-05 00:00:00'),(370,38324067,'Julian Afonso','Alcañiz','1948-06-06 00:00:00'),(371,28390139,'Manuel','Adrover Egido','1957-03-05 00:00:00'),(372,17433977,'Diego','Cañada David','1995-05-13 00:00:00'),(373,34900187,'Beatriz','Vasquez Monfort','1947-08-19 00:00:00'),(374,20281938,'Gloria','Bernal Aguilera','1994-08-04 00:00:00'),(375,15483340,'Teresa','Rodero Ezquerra','1966-11-15 00:00:00'),(376,26506066,'Antonio','Herrero María','1998-11-03 00:00:00'),(377,22802852,'María','Concepcion Castrillo Parras','1941-07-08 00:00:00'),(378,37628623,'Cristian','Rosas Poveda','1991-02-28 00:00:00'),(379,31619443,'Luis Miguel','Espejo Viña','1968-09-12 00:00:00'),(380,28535852,'Mario','Paniagua Palma','1981-05-25 00:00:00'),(381,16623676,'Pedro','Murillo Prats','1978-12-19 00:00:00'),(382,16029627,'Emilio','Lillo Fraga','1986-02-15 00:00:00'),(383,30175384,'Consuelo','Salvado Rosario','1987-06-15 00:00:00'),(384,18283536,'Irene','Cabrerizo Fidalgo','1942-09-03 00:00:00'),(385,25360776,'Consuelo','Carrion Sepulveda','1989-05-03 00:00:00'),(386,26272732,'Ana Isabel','Valbuena Moran','1954-04-15 00:00:00'),(387,21271477,'Victor','Manuel Jorda Cuesta','1949-09-13 00:00:00'),(388,37442704,'Guillermo','Planas Valbuena','1963-07-20 00:00:00'),(389,29340917,'Vicente','Ibarra Medrano','1947-11-09 00:00:00'),(390,38752702,'Ines','Avila Conesa','1967-03-23 00:00:00'),(391,27022531,'María Jesús','Sierra Morillas','1980-11-01 00:00:00'),(392,22414797,'Patricia','Castells Regueira','1988-02-08 00:00:00'),(393,17163594,'Domingo','Sanchis Ayuso','1941-02-21 00:00:00'),(394,21280530,'Enrique','Arredondo Mayoral','1999-01-11 00:00:00'),(395,11003074,'Milagros','Ledo Granados','1959-09-26 00:00:00'),(396,30219818,'Ricardo','Manso Caro','1965-06-14 00:00:00'),(397,35319025,'Miguel','Ángel Almenara Carro','1970-04-13 00:00:00'),(398,16527289,'Miriam','Espinosa Angulo','1958-10-16 00:00:00'),(399,24359649,'Concepcion','Zabaleta Cañete','1987-01-02 00:00:00'),(400,39797228,'Francisco Javier','Barrero Ferri','1996-11-09 00:00:00'),(401,35125742,'José María','Lobo Manresa','1953-06-09 00:00:00'),(402,35708734,'José Carlos','Domingo Triguero','1945-12-13 00:00:00'),(403,19974189,'Raul','Valdivia Oliva','1994-10-22 00:00:00'),(404,19098385,'Sandra','Platero Novillo','1995-12-12 00:00:00'),(405,22683606,'José Ángel','Vasile Trueba','1951-09-09 00:00:00'),(406,14116225,'María Rosario','Maza Gallegos','1984-11-01 00:00:00'),(407,24028381,'Eduardo','Mota Alegre','1983-08-31 00:00:00'),(408,34199963,'José Antonio','Crespi Ángel','1998-08-30 00:00:00'),(409,14812442,'Ines','Iborra Canales','1958-12-06 00:00:00'),(410,22650644,'Consuelo','Izquierdo Berbel','1958-01-07 00:00:00'),(411,33756801,'Veronica','Alvarez Sesma','1949-02-26 00:00:00'),(412,24883959,'Juana','Toscano Catala','1963-10-28 00:00:00'),(413,39532554,'Manuela','Pradas Lorca','1952-10-24 00:00:00'),(414,14156411,'Luis Miguel','Vallejo Zamorano','1948-10-07 00:00:00'),(415,28670721,'Adrian','Cabaleiro Aguilera','1954-04-05 00:00:00'),(416,19853139,'Alvaro','Carazo Godoy','1944-06-23 00:00:00'),(417,14163724,'Esperanza','Bazan Doncel','1979-05-02 00:00:00'),(418,11554923,'Rosa María','Troya Mendoza','1986-03-07 00:00:00'),(419,26953468,'Patricia','Sobrino Briones','1954-09-16 00:00:00'),(420,17784628,'José Carlos','Sepulveda Prat','1955-05-27 00:00:00'),(421,13430370,'Aurora','Freire Pariente','1949-07-03 00:00:00'),(422,35465706,'Sofia','Sanjurjo Tabares','1984-01-04 00:00:00'),(423,24934867,'María Dolores','Parrado Estebanez','1947-04-17 00:00:00'),(424,37374804,'Alejandro','Robles Paton','1984-07-16 00:00:00'),(425,12909333,'Marta','Pineda Alegre','1973-06-04 00:00:00'),(426,34600353,'Martín','Marzo Lavado','1957-05-17 00:00:00'),(427,12557505,'Claudia','Zafra Alcala','1969-03-30 00:00:00'),(428,13182405,'Amparo','Pozo Vigil','1960-06-24 00:00:00'),(429,11396022,'Nicolas','Guijarro Palazon','1957-03-03 00:00:00'),(430,18353664,'Esther','Monedero Orihuela','1946-05-03 00:00:00'),(431,38566714,'Alicia','Espinoza Sevilla','1943-09-24 00:00:00'),(432,21591127,'Pablo','Paredes Torralbo','1978-10-22 00:00:00'),(433,16452272,'Agustin','Adan De Haro','1951-01-13 00:00:00'),(434,18422092,'Daniel','Elvira Abadia','1990-10-19 00:00:00'),(435,22824748,'Nicolas','Salamanca Gonzalo','1972-03-03 00:00:00'),(436,39129985,'Noelia','Hernando Vacas','1984-08-12 00:00:00'),(437,26665619,'Consuelo','Gavira Acedo','1966-10-17 00:00:00'),(438,17903641,'María','Teresa Ferrandez Mejia','1996-09-16 00:00:00'),(439,22009751,'Marc','Torras Sales','1982-06-13 00:00:00'),(440,18931410,'Cristobal','Granado Barea','1975-01-18 00:00:00'),(441,20839546,'Jaime','Cedeño Aranda','1980-09-10 00:00:00'),(442,33279608,'Cesar','Rocamora Cordero','1966-08-27 00:00:00'),(443,25045553,'Victor Manuel','Olivas Varela','1995-11-19 00:00:00'),(444,35093402,'Cristian','Royo Gilabert','1978-02-21 00:00:00'),(445,20476687,'Aurora','Cubillo Ocaña','1947-01-04 00:00:00'),(446,20523539,'Mario','Arjona Rosillo','1988-04-24 00:00:00'),(447,18107492,'Sandra','Collazo Cervantes','1955-10-14 00:00:00'),(448,11910477,'Consuelo','Liñan Toral','1996-09-22 00:00:00'),(449,25254952,'Ana Isabel','Amaya Del Pino','1947-03-25 00:00:00'),(450,38224982,'Antonia','Donaire Villa','1980-01-19 00:00:00'),(451,14811843,'Albert','Julia Gamez','1997-07-09 00:00:00'),(452,17586290,'María Elena','Angulo Neira','1954-06-14 00:00:00'),(453,39619302,'Monica','Frances Moll','1985-03-08 00:00:00'),(454,23507207,'María Soledad','Murcia Viejo','1968-01-29 00:00:00'),(455,19585582,'Rocio','Villalobos Granado','1981-02-15 00:00:00'),(456,20386731,'Miriam','Soto Sureda','1976-11-29 00:00:00'),(457,11088034,'Eva','Pla Armendariz','1945-09-05 00:00:00'),(458,32390704,'Margarita','Artero Canovas','1956-05-22 00:00:00'),(459,17898772,'Felix','Pereiro Paniagua','1965-11-16 00:00:00'),(460,17145076,'Rosario','Mico Soler','1967-04-12 00:00:00'),(461,34822948,'José Carlos','Lama Tapia','1997-04-08 00:00:00'),(462,39521747,'María','Dolores Asencio Parrilla','1984-11-13 00:00:00'),(463,32344665,'Miguel','Ángel Sabate Olivas','1952-10-08 00:00:00'),(464,17458360,'Jaime','Nuez Sanguino','1954-08-11 00:00:00'),(465,20104817,'Jorge','Infantes Sotelo','1944-10-14 00:00:00'),(466,16154332,'Alberto','Roncero Teijeiro','1961-06-27 00:00:00'),(467,28435207,'Elena','Algaba Mariscal','1944-06-29 00:00:00'),(468,39888256,'Victor','Marrero Picazo','1951-12-26 00:00:00'),(469,35695248,'Guillermo','Justicia Valentin','1970-01-11 00:00:00'),(470,20326991,'Raul','Dos Santos Campillo','1976-03-14 00:00:00'),(471,16337996,'Josép','Estepa Gaona','1988-05-20 00:00:00'),(472,19391056,'José Ignacio','Cordoba Mera','1945-12-22 00:00:00'),(473,18027511,'Julio','Cerro Parada','1973-11-16 00:00:00'),(474,30544391,'Raquel','Echevarria Ledo','1968-10-14 00:00:00'),(475,19450628,'Pablo','Saavedra Mendizabal','1975-01-13 00:00:00'),(476,15307277,'José Ramon','Albert Checa','1977-06-21 00:00:00'),(477,15991537,'Francisco','José Sicilia Mansilla','1955-09-07 00:00:00'),(478,20875662,'Diego','Alarcon Alvarez','1980-11-25 00:00:00'),(479,20031333,'Gonzalo','Vega Dueñas','1988-02-16 00:00:00'),(480,22368116,'Cristina','Coello Matias','1955-09-02 00:00:00'),(481,25705385,'Jordi','Salvado Lumbreras','1964-02-23 00:00:00'),(482,27519324,'Lorena','Gabarre San Martín','1956-08-04 00:00:00'),(483,25134245,'Carla','Pallas Ventura','1956-06-07 00:00:00'),(484,14366032,'Patricia','Mallo Blesa','1969-12-08 00:00:00'),(485,38601630,'Montserrat','Girona Maroto','1998-12-31 00:00:00'),(486,35776125,'Alberto','Molero Illan','1966-08-11 00:00:00'),(487,23668888,'Alba','Acuña Manso','1959-05-06 00:00:00'),(488,28120801,'María Soledad','Campuzano Sureda','1965-09-18 00:00:00'),(489,39978959,'Esperanza','Pimentel Blazquez','1948-11-17 00:00:00'),(490,19904738,'Dolores','Torrijos Seoane','1977-10-06 00:00:00'),(491,16809102,'Gregorio','Recio Pitarch','1949-09-13 00:00:00'),(492,17343153,'Maríano','Fortes Ochoa','1972-02-23 00:00:00'),(493,19349984,'Concepcion','Barrera Prats','1953-11-19 00:00:00'),(494,29275220,'Gregorio','Ricart Pajuelo','1988-12-17 00:00:00'),(495,22694997,'Natalia','Ayala De Pablo','1985-02-24 00:00:00'),(496,18425084,'Silvia','Vivo Melchor','1996-10-09 00:00:00'),(497,11958427,'Diego','Buzon Solera','1958-11-05 00:00:00'),(498,37766903,'Juan Luis','Bueno Nebot','1955-05-29 00:00:00'),(499,25219496,'Mohamed','Alvarado Montaña','1954-11-04 00:00:00'),(500,19024634,'María Antonia','Viejo Coronado','1975-11-30 00:00:00'),(501,23240636,'Aurora','Taboada Infante','1941-04-20 00:00:00'),(502,26798851,'Sandra','Requejo Mayoral','1974-05-29 00:00:00'),(503,14263239,'Francisco José','Bru Villar','1981-12-13 00:00:00'),(504,39451534,'Cesar','Cuesta Armenteros','1945-12-30 00:00:00'),(505,24408354,'María Cristina','Laso Bouza','1950-06-20 00:00:00'),(506,38552325,'Aurora','Prieto Mengual','1996-06-07 00:00:00'),(507,28695582,'Raul','Marquez Cavero','1950-08-29 00:00:00'),(508,19524416,'Esteban','Mayol Escribano','1950-10-28 00:00:00'),(509,36984218,'Juan Luis','Pastrana Guillem','1968-12-27 00:00:00'),(510,35828012,'Pablo','Campuzano Cano','1968-02-09 00:00:00'),(511,24521941,'María José','Tendero Urrutia','1951-12-25 00:00:00'),(512,12015725,'Ignacio','Salado Tejedor','1961-01-28 00:00:00'),(513,29948759,'José Ramon','Salguero Villarroya','1978-07-25 00:00:00'),(514,21951710,'Aurora','Moyano Victoria','1962-03-12 00:00:00'),(515,38841867,'Diego','Urbina Felix','1961-05-10 00:00:00'),(516,33343935,'Amparo','Candela Ferrer','2000-04-01 00:00:00'),(517,12310233,'Ángela','Portero Coca','1954-06-05 00:00:00'),(518,36069824,'Luisa','Melo Plaza','1959-06-26 00:00:00'),(519,11724478,'Manuela','Nuño Berrocal','1940-04-13 00:00:00'),(520,14591685,'Ángela','Plasencia Morgado','1940-08-07 00:00:00'),(521,18182353,'Ana María','Juarez Maldonado','1941-10-30 00:00:00'),(522,20488989,'Claudia','Amor Ovejero','1940-11-12 00:00:00'),(523,18406872,'Susana','Mozo Albarran','1982-03-18 00:00:00'),(524,33633331,'Francisco José','Puerta Lanza','1951-10-20 00:00:00'),(525,21029575,'Joaquin','Duque Cantero','1946-07-19 00:00:00'),(526,38789488,'Ines','Vilalta Zapico','1985-07-23 00:00:00'),(527,39048256,'Irene','Jurado Mancilla','1993-12-09 00:00:00'),(528,36452076,'Ángela','Tendero Souto','1989-07-29 00:00:00'),(529,33552662,'Julian','Llamas Oltra','1988-08-03 00:00:00'),(530,28710790,'Josép','Ceron Ugalde','1964-02-28 00:00:00'),(531,18012259,'Lorena','Illescas Portillo','1955-02-12 00:00:00'),(532,21885595,'Inmaculada','Moro Macho','1963-05-18 00:00:00'),(533,38249520,'Luisa','Lago Blesa','1964-02-02 00:00:00'),(534,26098556,'Mario','Haro Prados','1979-09-14 00:00:00'),(535,33350666,'Alba','Solorzano Sarria','1981-06-04 00:00:00'),(536,15864767,'Eva','Arrieta De La Iglesia','1941-08-08 00:00:00'),(537,15893286,'Hugo','Mendez Esparza','1983-06-07 00:00:00'),(538,17052037,'Encarnacion','Rincon Alvarez','1996-02-06 00:00:00'),(539,36485824,'Sergio','Zapico Figueras','1967-02-02 00:00:00'),(540,28406252,'Antonio','Domenech Rodenas','1973-11-20 00:00:00'),(541,33009290,'David','Navarro Rama','1999-09-06 00:00:00'),(542,20440834,'David','Manjon Morente','1970-06-16 00:00:00'),(543,39621171,'Eduardo','Mayorga Asenjo','1958-01-30 00:00:00'),(544,11981708,'María Teresa','Victoria Utrilla','1994-06-28 00:00:00'),(545,29129563,'Tomás','Montoro Mejias','1969-08-18 00:00:00'),(546,31838466,'Ana Belen','Real Calabuig','1958-08-05 00:00:00'),(547,23509668,'Cesar','Echevarria Luis','1957-11-20 00:00:00'),(548,14663094,'Nuria','Nicolau Calleja','1993-04-29 00:00:00'),(549,31290264,'Hugo','Mengual Becerra','1989-01-13 00:00:00'),(550,15531380,'Samuel','De Blas Hita','1995-12-23 00:00:00'),(551,19518276,'Agustin','Del Cerro Almazan','1997-09-07 00:00:00'),(552,11080194,'Celia','Andujar Salvado','1999-01-07 00:00:00'),(553,11796345,'Felix','Tortajada Cortijo','1988-11-22 00:00:00'),(554,29958637,'Jesús','Chinea Robledo','1965-04-29 00:00:00'),(555,16830417,'Noelia','De La Rosa Robledo','1964-12-05 00:00:00'),(556,16478333,'Susana','Alba Sampedro','1965-03-31 00:00:00'),(557,31150770,'José','Manuel Estepa Carpintero','1977-02-01 00:00:00'),(558,28269128,'Xavier','Caparros Camarena','1987-04-08 00:00:00'),(559,35308139,'Emilio','Elias Pita','1954-11-25 00:00:00'),(560,30358955,'Samuel','Rossello Serna','1976-07-05 00:00:00'),(561,37446401,'Joan','Torres Sillero','1987-04-14 00:00:00'),(562,31615186,'Emilia','Vilchez Cepeda','1983-09-09 00:00:00'),(563,34620261,'Carmen','Duque Escudero','1957-06-09 00:00:00'),(564,27253484,'María Rosario','Serrano Moreira','1979-01-18 00:00:00'),(565,31684725,'Pedro','Vara Somoza','1951-05-16 00:00:00'),(566,38347049,'María Ángeles','Ferre Deniz','1964-02-11 00:00:00'),(567,14979521,'Eugenio','Mulero Pallares','1985-07-03 00:00:00'),(568,21707727,'Francisco José','Busquets Castells','1984-02-02 00:00:00'),(569,22451684,'Agustin','Miñano Espejo','1980-11-21 00:00:00'),(570,22005162,'Alejandro','Londoño Paredes','1994-03-04 00:00:00'),(571,24704104,'Julian','Artero Moraga','1954-09-05 00:00:00'),(572,24084680,'Veronica','Jerez Ayuso','1954-04-01 00:00:00'),(573,22529792,'Lidia','Nieves Prieto','1965-01-02 00:00:00'),(574,39694768,'María Cristina','Niño Mari','1985-12-19 00:00:00'),(575,30785246,'Victoria','Corredor Sala','1965-04-12 00:00:00'),(576,37630177,'David','Trigo Quintela','1978-05-10 00:00:00'),(577,30141915,'Laura','Lamas Morilla','1947-10-28 00:00:00'),(578,24854959,'Aitor','Villarejo Marin','1959-10-20 00:00:00'),(579,22154242,'María Teresa','Cabanes Larrañaga','1966-04-21 00:00:00'),(580,15398412,'Joaquin','Palomo Ligero','1969-03-31 00:00:00'),(581,37097241,'Antonia','Aguirre Gazquez','1973-08-02 00:00:00'),(582,35490373,'Marta','Olivares Coloma','1979-08-27 00:00:00'),(583,36351191,'Juana','Abascal Zamora','1944-04-21 00:00:00'),(584,37956005,'María Ángeles','Ortega Aguado','1950-08-30 00:00:00'),(585,16608652,'Ángeles','Del Hoyo Larrañaga','1989-10-17 00:00:00'),(586,18735189,'Nicolas','Rua Vergara','1989-02-06 00:00:00'),(587,35654155,'Dolores','Olivares Velez','1979-03-19 00:00:00'),(588,21046508,'Agustin','Marquez Torrecillas','1960-02-03 00:00:00'),(589,11780085,'Juan Francisco','Escobar Mangas','1993-06-30 00:00:00'),(590,24796475,'Eva','Corpas Berna','1991-03-04 00:00:00'),(591,30150029,'María Isabel','Cobo Morell','1959-01-17 00:00:00'),(592,29259245,'María Mercedes','Baquero Fidalgo','1980-06-20 00:00:00'),(593,19345289,'Ángel','Baños Guardia','1963-05-29 00:00:00'),(594,19790830,'José','Nadal Marti','1951-05-16 00:00:00'),(595,18388839,'Nerea','Catalan Bruno','1959-04-26 00:00:00'),(596,25077112,'María Ángeles','Tejera Moya','1996-10-31 00:00:00'),(597,33322139,'Adrian','Mariño Llop','1990-05-29 00:00:00'),(598,39521636,'Juan Manuel','Salguero Arrebola','2000-05-03 00:00:00'),(599,35297957,'María Joséfa','Cabanes Izquierdo','1994-06-16 00:00:00'),(600,19359681,'Ana','Mulet Escalera','1991-06-15 00:00:00'),(601,18214416,'Xavier','Ferrandez Parada','1987-08-09 00:00:00'),(602,28885289,'Alejandro','Cantos Guzman','1970-12-22 00:00:00'),(603,20321729,'Felipe','Carreño MontaÑEz','1995-11-13 00:00:00'),(604,21331498,'Martín','Barreiro Ferrero','1960-03-28 00:00:00'),(605,15550058,'Pilar Victoria','Riquelme','1941-08-30 00:00:00'),(606,32118403,'Inmaculada','Hortelano Portillo','1999-06-01 00:00:00'),(607,29748642,'Miguel','Carmona Alberola','1946-08-19 00:00:00'),(608,15720412,'Tomás','Carceles Pineda','1949-09-07 00:00:00'),(609,23433753,'José Carlos','Pajuelo Parrado','1962-11-06 00:00:00'),(610,33864938,'Victoria','Sanz Reche','1957-02-13 00:00:00'),(611,17060694,'Sandra','Llano Vallejo','1999-05-15 00:00:00'),(612,38821472,'Nicolas','Navalon Quintas','1973-05-04 00:00:00'),(613,24986072,'Yolanda','Gamez Planas','1996-06-21 00:00:00'),(614,15658441,'Elena','Portillo Dalmau','1977-04-22 00:00:00'),(615,22316308,'Gonzalo','Ureña Milan','1999-07-11 00:00:00'),(616,39353396,'Margarita','Barreda Varela','1994-03-19 00:00:00'),(617,22806049,'Andrea','Parejo Marcos','1949-10-14 00:00:00'),(618,26781814,'Consuelo','Gines Baz','1982-01-23 00:00:00'),(619,11123003,'Sebastian','Alcaraz Nicolau','1976-11-30 00:00:00'),(620,28373562,'Javier','Matilla Gabarri','1971-04-03 00:00:00'),(621,38246141,'Marta','Mestre Almazan','1994-05-31 00:00:00'),(622,28062994,'Antonio','Manchon Farre','1983-01-09 00:00:00'),(623,37191184,'María Antonia','Casares Amaya','1985-08-27 00:00:00'),(624,31018437,'Miguel Ángel','Comas Chaves','1946-04-17 00:00:00'),(625,16142826,'Rosario','Pedraza Barrios','1948-01-30 00:00:00'),(626,16988609,'María','Nieves Tercero De Leon','1969-03-11 00:00:00'),(627,36826136,'Andrea','Carbonell Cadenas','1948-01-11 00:00:00'),(628,23407787,'José Ignacio','Baena Egea','1978-01-17 00:00:00'),(629,15894026,'Juan Francisco','Hueso Siles','1981-12-14 00:00:00'),(630,22582306,'José Ignacio','Pacheco Valero','1968-09-14 00:00:00'),(631,36903202,'María José','Soares Sastre','1972-01-28 00:00:00'),(632,15540618,'Rosa','Parrado Gaona','1982-09-19 00:00:00'),(633,16583957,'Irene','Vera Parreño','1989-10-25 00:00:00'),(634,39195268,'Elena','Albero Cabo','1953-02-21 00:00:00'),(635,38701328,'Ángel','Monteiro Ceballos','1970-11-04 00:00:00'),(636,28708920,'Alicia','Osuna Valladares','1984-06-28 00:00:00'),(637,35797628,'Lorenzo','Calero Giron','1953-12-16 00:00:00'),(638,30308851,'María','Concepcion Pico Edo','1997-06-15 00:00:00'),(639,21445991,'Carolina','Pajuelo Checa','1985-08-22 00:00:00'),(640,34293072,'Alberto','De Oliveira Iñigo','1947-06-27 00:00:00'),(641,26231706,'Ramon','Cruz Cervera','1998-10-26 00:00:00'),(642,24978571,'Vicente','Vaca Matos','1950-01-08 00:00:00'),(643,27469493,'Concepcion','Del Rio Arredondo','1991-06-20 00:00:00'),(644,38317310,'Laura','Esparza Linares','1958-06-14 00:00:00'),(645,21603033,'Victoria','Girona Alvarado','1987-01-19 00:00:00'),(646,17170791,'María Mercedes','Sillero Peiro','1990-08-06 00:00:00'),(647,20747346,'Marta','Salgueiro Correa','1952-08-07 00:00:00'),(648,14302333,'Enrique','Aparicio Gordillo','1970-06-21 00:00:00'),(649,34763323,'Juan','Gallart Rosas','1984-04-15 00:00:00'),(650,37276261,'Beatriz','Sanabria Arcos','1996-10-30 00:00:00'),(651,36446460,'Antonia','Cuello Valdivieso','1986-08-25 00:00:00'),(652,34326856,'José María','Montaño Mayo','1957-06-05 00:00:00'),(653,16262721,'Inmaculada','Anton Vilanova','1978-04-22 00:00:00'),(654,28509702,'Manuela','Mauri Vives','1957-11-07 00:00:00'),(655,34543243,'Teresa','Jimenez Villalta','1993-09-14 00:00:00'),(656,36721516,'Pilar','Coronado Lopes','1972-12-25 00:00:00'),(657,35816293,'Monica','Cabeza Rioja','1980-04-05 00:00:00'),(658,12198715,'Nicolas','Cantarero Soriano','1950-03-28 00:00:00'),(659,35311278,'Manuel','Mari Carvajal','1999-02-14 00:00:00'),(660,24256403,'María Ángeles','Lastra March','1982-05-03 00:00:00'),(661,22428091,'Nerea','Moya Fuster','1998-08-20 00:00:00'),(662,35760992,'Paula','Hernando Anguita','1967-11-08 00:00:00'),(663,23116116,'Gloria','Galeano Orozco','1989-06-22 00:00:00'),(664,31837148,'José María','Cano Lopez','1984-08-29 00:00:00'),(665,33299967,'Laura','Acero Diaz','1948-05-11 00:00:00'),(666,39771965,'Miguel','Guijarro Duran','1955-07-07 00:00:00'),(667,29584014,'Lucia','Vieira Alberdi','1945-09-26 00:00:00'),(668,26761839,'Antonio','Noriega Jover','1982-09-12 00:00:00'),(669,35764799,'María','Nieves Collantes Figueras','1996-05-16 00:00:00'),(670,33832792,'Esteban','Polanco Vaquero','1979-10-01 00:00:00'),(671,20062007,'Juan José','Rincon Egea','1991-05-12 00:00:00'),(672,16304793,'Claudia','Llanos Vaz','1984-11-01 00:00:00'),(673,33104370,'Victor Manuel','Viñas Godoy','1984-03-07 00:00:00'),(674,17176024,'Rafael','Bejarano Palmer','1952-06-01 00:00:00'),(675,23232673,'Manuela','Barrera Vacas','1963-04-02 00:00:00'),(676,33589996,'Claudia','Abascal Planas','1944-12-29 00:00:00'),(677,18840361,'María Pilar','Corrales Poza','1946-02-28 00:00:00'),(678,20308006,'Gloria','Beltran Oltra','1985-05-21 00:00:00'),(679,18240066,'Albert','Tejero Esquinas','1984-08-20 00:00:00'),(680,25813300,'Aitor','Valiente Girona','1970-12-10 00:00:00'),(681,30185466,'María Cristina','Vacas Gongora','1977-01-07 00:00:00'),(682,26415001,'Irene','Navas Sanabria','1969-03-15 00:00:00'),(683,26900121,'Patricia','Marina Pla','1967-12-15 00:00:00'),(684,22358914,'María','Mar Morant Gallart','1970-03-21 00:00:00'),(685,16729837,'Iván','Belles Barbero','1974-04-19 00:00:00'),(686,31895487,'Fernando','Quiroga Aragones','1961-06-23 00:00:00'),(687,39450862,'Juan','Serrat Cascales','1950-04-02 00:00:00'),(688,23226890,'Marcos','Berrio Noguera','1953-03-28 00:00:00'),(689,26322678,'Andres','Bayon Chica','1986-05-17 00:00:00'),(690,17972614,'José Manuel','Valderrama Valles','1950-06-06 00:00:00'),(691,16438862,'Guillermo','Gual Garcia','1998-08-23 00:00:00'),(692,27444981,'Marina','Gabriel Carrasco','1996-04-26 00:00:00'),(693,16278782,'María Isabel','Cantos Roma','1988-08-30 00:00:00'),(694,23330624,'Oscar','Lluch Negrin','1991-11-24 00:00:00'),(695,27413995,'Sandra','Amoros Villa','1987-09-16 00:00:00'),(696,28642623,'María José','Morell Mosquera','1978-09-22 00:00:00'),(697,32185579,'Miriam','Bonillo Donoso','1974-09-16 00:00:00'),(698,26844930,'Alicia','Revilla Jaime','1973-12-26 00:00:00'),(699,37969722,'Raquel','Bartolome Romo','1951-08-24 00:00:00'),(700,18840360,'María Pilar','Poza Corrales','1946-02-28 00:00:00');
/*!40000 ALTER TABLE `ciudadano` ENABLE KEYS */;
UNLOCK TABLES;

--
-- Table structure for table `consulta`
--

DROP TABLE IF EXISTS `consulta`;
/*!40101 SET @saved_cs_client     = @@character_set_client */;
/*!40101 SET character_set_client = utf8 */;
CREATE TABLE `consulta` (
  `id_eleccion` int(11) NOT NULL,
  `texto` varchar(100) NOT NULL,
  PRIMARY KEY (`id_eleccion`),
  CONSTRAINT `consulta_ibfk_1` FOREIGN KEY (`id_eleccion`) REFERENCES `eleccion` (`id_eleccion`) ON DELETE CASCADE
) ENGINE=InnoDB DEFAULT CHARSET=utf8;
/*!40101 SET character_set_client = @saved_cs_client */;

--
-- Dumping data for table `consulta`
--

LOCK TABLES `consulta` WRITE;
/*!40000 ALTER TABLE `consulta` DISABLE KEYS */;
INSERT INTO `consulta` VALUES (1,'¿Al final en qué quedamos?'),(2,'De qué color se pintarán las paradas de el colectivo');
/*!40000 ALTER TABLE `consulta` ENABLE KEYS */;
UNLOCK TABLES;

--
-- Table structure for table `eleccion`
--

DROP TABLE IF EXISTS `eleccion`;
/*!40101 SET @saved_cs_client     = @@character_set_client */;
/*!40101 SET character_set_client = utf8 */;
CREATE TABLE `eleccion` (
  `id_eleccion` int(11) NOT NULL AUTO_INCREMENT,
  `fecha` datetime NOT NULL,
  `tipo` enum('cargo','consulta') NOT NULL,
  `id_jurisdiccion` int(11) NOT NULL,
  PRIMARY KEY (`id_eleccion`),
  KEY `FK_eleccion_territorio` (`id_jurisdiccion`),
  CONSTRAINT `eleccion_ibfk_1` FOREIGN KEY (`id_jurisdiccion`) REFERENCES `territorio` (`id_territorio`) ON DELETE CASCADE
) ENGINE=InnoDB AUTO_INCREMENT=17 DEFAULT CHARSET=utf8;
/*!40101 SET character_set_client = @saved_cs_client */;

--
-- Dumping data for table `eleccion`
--

LOCK TABLES `eleccion` WRITE;
/*!40000 ALTER TABLE `eleccion` DISABLE KEYS */;
INSERT INTO `eleccion` VALUES (1,'2015-05-03 00:00:00','consulta',1),(2,'2015-05-31 00:00:00','consulta',7),(3,'2011-05-05 00:00:00','cargo',1),(4,'2015-05-03 00:00:00','cargo',1),(5,'2015-05-03 00:00:00','cargo',1),(6,'2015-05-03 00:00:00','cargo',2),(7,'2011-05-05 00:00:00','cargo',2),(8,'2015-05-03 00:00:00','cargo',4),(9,'2011-05-05 00:00:00','cargo',4),(10,'2015-05-03 00:00:00','cargo',3),(11,'2011-05-05 00:00:00','cargo',3),(12,'2011-05-05 00:00:00','cargo',5),(13,'2015-05-03 00:00:00','cargo',6),(14,'2015-05-03 00:00:00','cargo',8),(15,'2011-05-05 00:00:00','cargo',8),(16,'2015-05-03 00:00:00','cargo',9);
/*!40000 ALTER TABLE `eleccion` ENABLE KEYS */;
UNLOCK TABLES;

--
-- Table structure for table `fiscal`
--

DROP TABLE IF EXISTS `fiscal`;
/*!40101 SET @saved_cs_client     = @@character_set_client */;
/*!40101 SET character_set_client = utf8 */;
CREATE TABLE `fiscal` (
  `id_partido` int(11) NOT NULL,
  `id_ciudadano` int(11) NOT NULL,
  `id_mesa` int(11) NOT NULL,
  PRIMARY KEY (`id_partido`,`id_ciudadano`,`id_mesa`),
  KEY `FK_fiscal_ciudadano` (`id_ciudadano`),
  KEY `FK_fiscal_mesa` (`id_mesa`),
  CONSTRAINT `fiscal_ibfk_1` FOREIGN KEY (`id_partido`) REFERENCES `partido` (`id_partido`) ON DELETE CASCADE,
  CONSTRAINT `fiscal_ibfk_2` FOREIGN KEY (`id_ciudadano`) REFERENCES `ciudadano` (`id_ciudadano`) ON DELETE CASCADE,
  CONSTRAINT `fiscal_ibfk_3` FOREIGN KEY (`id_mesa`) REFERENCES `mesa` (`id_mesa`) ON DELETE CASCADE
) ENGINE=InnoDB DEFAULT CHARSET=utf8;
/*!40101 SET character_set_client = @saved_cs_client */;

--
-- Dumping data for table `fiscal`
--

LOCK TABLES `fiscal` WRITE;
/*!40000 ALTER TABLE `fiscal` DISABLE KEYS */;
INSERT INTO `fiscal` VALUES (1,1,74),(3,2,1),(5,2,39),(2,3,1),(1,4,109),(1,5,149),(5,5,188),(5,6,74),(2,7,149),(2,9,74),(2,9,144),(5,9,109),(3,10,39),(5,10,144),(3,11,109),(1,12,144),(3,12,74),(1,13,188),(3,15,188),(1,17,39),(2,18,39),(3,19,149),(2,20,188),(3,21,2),(1,23,150),(3,23,145),(5,23,75),(2,24,75),(2,27,150),(5,27,145),(3,28,40),(1,29,75),(2,30,110),(3,30,75),(5,30,189),(1,33,145),(5,33,40),(1,35,110),(1,37,40),(5,37,2),(2,38,2),(1,39,2),(2,40,40),(3,40,110),(3,40,150),(3,41,190),(2,42,190),(3,43,41),(5,44,190),(5,45,41),(1,46,111),(3,46,76),(5,46,151),(2,47,151),(3,47,146),(1,50,190),(1,51,41),(5,51,111),(2,52,76),(3,54,3),(3,54,151),(5,55,76),(5,55,146),(2,57,111),(1,58,3),(3,58,111),(1,59,76),(2,59,3),(3,63,42),(3,63,77),(5,63,152),(2,64,42),(1,68,42),(2,71,147),(3,71,4),(2,73,4),(1,75,147),(1,78,112),(2,79,152),(1,80,4),(2,80,112),(5,80,147),(2,81,78),(2,84,113),(2,84,153),(1,85,78),(2,85,43),(3,85,113),(5,85,153),(1,86,113),(1,87,153),(1,90,43),(2,91,5),(5,91,43),(5,93,113),(3,94,5),(5,95,148),(2,96,148),(3,96,43),(3,98,78),(5,98,5),(1,100,5),(3,100,148),(3,100,153),(2,101,44),(3,101,79),(2,104,6),(2,104,79),(2,104,154),(2,104,197),(1,105,79),(1,108,154),(5,108,114),(5,109,44),(2,112,114),(3,113,154),(3,114,44),(3,114,197),(1,116,159),(5,117,79),(3,118,159),(1,119,114),(5,119,197),(3,120,6),(3,121,45),(5,122,155),(1,123,45),(1,126,160),(2,126,115),(5,127,80),(2,129,80),(2,129,155),(3,129,198),(5,129,160),(1,131,155),(1,131,198),(2,131,160),(5,134,198),(3,135,80),(3,135,155),(2,136,198),(3,139,160),(5,139,45),(1,140,115),(2,140,45),(1,142,156),(3,142,199),(2,143,116),(5,144,156),(5,144,199),(1,145,161),(2,146,199),(3,146,116),(1,147,46),(5,147,161),(5,148,46),(5,149,81),(1,150,199),(2,151,81),(2,152,161),(5,152,8),(2,153,156),(1,155,81),(1,156,8),(2,156,46),(3,157,161),(5,158,116),(1,162,47),(2,162,9),(2,162,117),(5,163,82),(3,164,82),(5,165,157),(2,166,47),(3,166,157),(5,166,9),(5,166,162),(1,167,162),(3,171,9),(1,172,9),(1,172,82),(2,173,82),(3,173,47),(1,174,157),(2,177,157),(1,178,117),(5,182,163),(1,184,48),(2,184,83),(5,184,158),(3,186,163),(5,186,48),(1,187,163),(1,188,158),(2,189,163),(5,189,118),(3,191,83),(5,191,10),(3,194,10),(3,194,48),(5,195,83),(1,196,83),(2,197,10),(1,198,118),(2,198,158),(3,199,158),(5,201,172),(1,202,164),(3,202,11),(3,204,49),(4,204,191),(2,206,172),(3,206,191),(1,207,11),(1,207,49),(1,208,191),(1,209,84),(1,209,194),(3,209,119),(1,210,119),(5,211,84),(2,212,11),(2,212,84),(5,212,164),(1,214,172),(5,214,11),(2,215,49),(5,215,191),(3,216,194),(2,218,191),(3,218,84),(3,218,172),(5,218,119),(5,219,194),(2,220,119),(3,220,164),(4,220,194),(5,221,50),(3,222,12),(1,223,173),(2,223,165),(3,223,120),(3,223,195),(1,224,85),(1,224,192),(2,226,12),(3,228,173),(4,228,195),(5,229,12),(1,230,50),(2,231,195),(3,231,192),(2,232,192),(2,233,50),(3,233,165),(2,234,85),(3,234,50),(1,235,12),(5,235,165),(5,236,192),(2,239,120),(2,241,121),(5,241,166),(5,241,196),(4,242,193),(3,243,174),(1,244,86),(3,244,193),(5,244,13),(1,245,166),(3,245,86),(3,245,196),(1,246,196),(1,247,51),(2,247,13),(2,247,174),(3,248,121),(2,249,166),(2,249,193),(2,250,196),(1,251,13),(5,252,51),(3,254,51),(5,254,121),(5,254,174),(2,256,51),(5,257,86),(1,258,121),(3,259,166),(1,260,174),(2,260,86),(2,261,87),(3,263,175),(2,264,52),(2,265,167),(5,265,52),(1,266,14),(3,268,167),(5,268,175),(1,269,175),(1,271,52),(2,274,122),(3,275,122),(3,277,52),(5,277,87),(3,279,87),(2,281,53),(1,283,168),(1,284,176),(5,284,88),(5,285,168),(1,286,123),(2,287,15),(3,287,53),(3,287,168),(5,288,15),(5,288,53),(3,290,123),(1,292,53),(2,292,123),(5,293,123),(1,296,15),(2,297,168),(2,301,36),(2,301,89),(2,302,169),(3,302,89),(1,305,177),(3,306,16),(3,306,124),(5,307,54),(5,311,16),(1,312,89),(3,312,169),(3,314,54),(1,315,16),(1,316,54),(1,316,124),(5,316,177),(3,318,177),(5,318,36),(3,319,36),(1,320,36),(2,320,16),(5,321,170),(1,322,125),(5,322,55),(5,323,17),(1,324,17),(3,324,125),(1,325,178),(2,325,90),(3,326,90),(2,327,17),(3,328,55),(5,328,37),(3,329,37),(5,329,90),(2,330,178),(1,335,37),(1,336,55),(5,336,178),(2,337,55),(1,338,90),(2,338,170),(5,338,125),(1,341,126),(2,341,179),(5,341,171),(2,342,38),(2,342,56),(5,342,18),(3,343,126),(5,343,179),(2,344,171),(3,344,179),(2,345,91),(3,345,56),(5,345,38),(1,347,171),(3,348,38),(1,350,18),(1,350,179),(5,351,56),(5,354,126),(3,355,180),(3,356,18),(5,356,91),(2,357,180),(2,359,18),(3,362,92),(5,362,57),(5,363,180),(1,364,127),(5,366,92),(3,367,127),(2,368,92),(1,370,19),(2,370,127),(3,371,57),(1,373,92),(3,373,181),(2,376,181),(5,376,127),(3,377,19),(1,378,181),(2,378,19),(1,379,57),(3,384,128),(1,386,128),(5,386,181),(2,387,93),(5,387,58),(3,388,58),(2,390,20),(3,390,93),(1,391,20),(3,391,182),(1,392,58),(5,393,20),(2,398,58),(5,398,93),(1,399,93),(2,399,182),(1,400,182),(5,402,129),(3,405,94),(5,407,21),(2,409,21),(5,409,182),(2,410,129),(2,411,94),(1,412,21),(3,413,59),(1,414,59),(1,414,94),(5,417,183),(1,418,129),(2,419,59),(3,419,21),(3,420,129),(5,420,94),(5,422,22),(5,423,95),(5,425,130),(1,427,22),(1,427,130),(2,427,183),(3,428,22),(1,430,183),(2,431,60),(3,431,95),(5,432,184),(1,433,60),(3,433,184),(1,437,95),(5,437,60),(2,441,184),(1,444,184),(3,447,61),(3,448,131),(5,448,96),(5,449,61),(1,450,23),(3,450,96),(5,452,23),(5,452,131),(3,455,185),(1,456,96),(2,456,23),(5,462,97),(2,464,185),(5,466,185),(2,469,97),(3,473,132),(1,474,97),(5,474,186),(2,475,132),(2,477,24),(3,479,186),(5,479,24),(1,480,24),(5,480,132),(1,482,98),(5,483,98),(1,485,25),(2,485,186),(3,486,133),(2,490,25),(2,490,98),(1,491,133),(2,491,187),(2,495,63),(3,496,98),(5,497,63),(1,499,63),(1,500,187),(2,500,133),(5,500,25),(3,505,26),(3,505,64),(1,507,64),(1,507,99),(5,510,26),(3,511,99),(1,512,134),(5,512,64),(2,514,99),(3,515,134),(5,519,99),(5,520,134),(3,523,100),(1,525,135),(2,526,100),(5,527,65),(5,530,135),(3,532,135),(5,532,27),(3,533,27),(2,536,65),(5,537,100),(1,539,27),(1,540,65),(5,542,28),(3,545,28),(3,545,66),(5,546,136),(5,549,101),(1,551,66),(1,551,101),(2,552,28),(1,554,28),(3,554,136),(1,556,136),(5,560,66),(1,563,67),(1,564,102),(2,568,137),(5,568,29),(3,569,67),(2,571,67),(3,571,137),(2,573,29),(1,574,137),(3,574,29),(1,577,29),(2,577,102),(1,582,30),(5,582,68),(1,583,103),(2,586,30),(2,587,68),(2,587,103),(3,587,30),(1,591,138),(5,591,103),(1,594,68),(5,595,138),(3,597,103),(3,600,68),(5,601,104),(2,603,31),(5,607,31),(3,612,69),(5,613,139),(5,614,69),(2,615,139),(3,615,31),(3,618,104),(2,619,104),(1,620,104),(2,623,105),(1,624,32),(5,624,70),(1,625,70),(5,625,140),(5,626,105),(2,632,140),(3,634,140),(1,637,140),(3,637,105),(5,637,32),(3,638,32),(2,640,32),(2,640,70),(3,641,71),(1,642,106),(3,642,141),(5,642,33),(2,644,71),(5,645,141),(2,647,33),(2,647,141),(5,647,71),(1,648,141),(2,649,106),(1,651,71),(5,661,72),(3,663,34),(3,664,107),(3,664,142),(1,665,72),(2,670,72),(2,670,142),(1,673,34),(5,675,34),(5,677,107),(3,680,72),(1,682,143),(2,685,35),(5,686,35),(3,687,108),(2,689,108),(3,689,35),(5,690,73),(2,693,73),(2,695,143),(1,697,108),(5,697,143),(1,700,73);
/*!40000 ALTER TABLE `fiscal` ENABLE KEYS */;
UNLOCK TABLES;

--
-- Table structure for table `mesa`
--

DROP TABLE IF EXISTS `mesa`;
/*!40101 SET @saved_cs_client     = @@character_set_client */;
/*!40101 SET character_set_client = utf8 */;
CREATE TABLE `mesa` (
  `id_mesa` int(11) NOT NULL AUTO_INCREMENT,
  `numero` int(6) NOT NULL,
  `id_eleccion` int(11) NOT NULL,
  `id_presidente` int(11) NOT NULL,
  `id_vicepresidente` int(11) NOT NULL,
  `id_tecnico` int(11) NOT NULL,
  `id_centro` int(11) NOT NULL,
  PRIMARY KEY (`id_mesa`),
  KEY `FK_mesa_eleccion` (`id_eleccion`),
  KEY `FK_mesa_presidente` (`id_presidente`),
  KEY `FK_mesa_vicepresidente` (`id_vicepresidente`),
  KEY `FK_mesa_tecnico` (`id_tecnico`),
  KEY `FK_mesa_centro` (`id_centro`),
  CONSTRAINT `mesa_ibfk_1` FOREIGN KEY (`id_eleccion`) REFERENCES `eleccion` (`id_eleccion`) ON DELETE CASCADE,
  CONSTRAINT `mesa_ibfk_2` FOREIGN KEY (`id_presidente`) REFERENCES `ciudadano` (`id_ciudadano`) ON DELETE CASCADE,
  CONSTRAINT `mesa_ibfk_3` FOREIGN KEY (`id_vicepresidente`) REFERENCES `ciudadano` (`id_ciudadano`) ON DELETE CASCADE,
  CONSTRAINT `mesa_ibfk_4` FOREIGN KEY (`id_tecnico`) REFERENCES `ciudadano` (`id_ciudadano`) ON DELETE CASCADE,
  CONSTRAINT `mesa_ibfk_5` FOREIGN KEY (`id_centro`) REFERENCES `centro` (`id_centro`) ON DELETE CASCADE
) ENGINE=InnoDB AUTO_INCREMENT=200 DEFAULT CHARSET=utf8;
/*!40101 SET character_set_client = @saved_cs_client */;

--
-- Dumping data for table `mesa`
--

LOCK TABLES `mesa` WRITE;
/*!40000 ALTER TABLE `mesa` DISABLE KEYS */;
INSERT INTO `mesa` VALUES (1,1,1,16,15,17,1),(2,2,1,26,28,25,1),(3,3,1,46,60,47,1),(4,4,1,64,76,63,2),(5,5,1,93,92,86,2),(6,6,1,119,113,108,2),(7,7,1,124,134,131,3),(8,8,1,155,145,143,3),(9,9,1,161,179,167,3),(10,10,1,196,198,183,4),(11,11,1,205,209,219,4),(12,12,1,224,231,225,4),(13,13,1,249,252,242,5),(14,14,1,265,276,279,5),(15,15,1,292,282,281,5),(16,16,1,312,317,313,6),(17,17,1,336,338,322,6),(18,18,1,358,353,354,6),(19,19,1,374,364,379,7),(20,20,1,392,388,395,7),(21,21,1,406,416,418,7),(22,22,1,424,431,437,8),(23,23,1,458,441,449,8),(24,24,1,466,461,469,8),(25,25,1,499,494,498,9),(26,26,1,509,517,507,9),(27,27,1,527,538,537,9),(28,28,1,556,553,543,10),(29,29,1,561,563,575,10),(30,30,1,600,588,581,10),(31,31,1,617,608,612,11),(32,32,1,625,628,634,11),(33,33,1,646,643,652,11),(34,34,1,670,671,662,12),(35,35,1,688,683,696,12),(36,16,2,314,304,305,13),(37,17,2,336,322,326,13),(38,18,2,343,350,346,13),(39,1,3,4,3,20,14),(40,2,3,36,39,21,14),(41,3,3,53,59,47,14),(42,4,3,79,61,62,15),(43,5,3,92,99,86,15),(44,6,3,120,119,106,15),(45,7,3,134,135,138,16),(46,8,3,154,157,142,16),(47,9,3,168,161,165,16),(48,10,3,193,195,199,17),(49,11,3,220,218,212,17),(50,12,3,231,227,222,17),(51,13,3,245,259,260,18),(52,14,3,261,273,280,18),(53,15,3,300,294,298,18),(54,16,3,303,305,304,19),(55,17,3,332,327,329,19),(56,18,3,354,344,357,19),(57,19,3,375,370,363,20),(58,20,3,382,394,399,20),(59,21,3,409,417,404,20),(60,22,3,422,430,426,21),(61,23,3,453,442,451,21),(62,24,3,470,476,461,21),(63,25,3,483,490,491,22),(64,26,3,511,509,501,22),(65,27,3,530,526,529,22),(66,28,3,547,556,542,23),(67,29,3,568,574,576,23),(68,30,3,599,589,596,23),(69,31,3,605,617,601,24),(70,32,3,639,632,628,24),(71,33,3,657,654,650,24),(72,34,3,666,663,669,25),(73,35,3,694,683,697,25),(74,1,4,11,7,3,26),(75,2,4,25,26,28,26),(76,3,4,51,53,45,26),(77,4,4,67,76,80,27),(78,5,4,87,97,90,27),(79,6,4,102,107,110,27),(80,7,4,138,126,137,28),(81,8,4,146,144,154,28),(82,9,4,178,162,167,28),(83,10,4,193,185,181,29),(84,11,4,219,206,214,29),(85,12,4,223,237,239,29),(86,13,4,256,243,253,30),(87,14,4,263,271,274,30),(88,15,4,299,288,294,30),(89,16,4,316,315,311,31),(90,17,4,330,335,339,31),(91,18,4,353,342,354,31),(92,19,4,378,376,379,32),(93,20,4,382,394,391,32),(94,21,4,415,409,413,32),(95,22,4,428,439,429,33),(96,23,4,459,454,443,33),(97,24,4,476,471,465,33),(98,25,4,489,498,493,34),(99,26,4,513,517,512,34),(100,27,4,522,525,530,34),(101,28,4,558,556,545,35),(102,29,4,566,562,575,35),(103,30,4,594,595,582,35),(104,31,4,614,607,602,36),(105,32,4,638,640,625,36),(106,33,4,656,648,652,36),(107,34,4,668,679,672,37),(108,35,4,685,691,690,37),(109,1,5,18,19,15,38),(110,2,5,23,33,36,38),(111,3,5,47,55,43,38),(112,4,5,70,71,76,39),(113,5,5,82,96,99,39),(114,6,5,104,107,111,39),(115,7,5,134,135,125,40),(116,8,5,155,147,149,40),(117,9,5,179,170,167,40),(118,10,5,196,190,182,41),(119,11,5,212,201,208,41),(120,12,5,230,226,232,41),(121,13,5,242,247,255,42),(122,14,5,264,263,262,42),(123,15,5,300,299,296,42),(124,16,5,309,307,301,43),(125,17,5,331,336,330,43),(126,18,5,359,348,344,43),(127,19,5,374,363,368,44),(128,20,5,383,390,382,44),(129,21,5,403,415,411,44),(130,22,5,434,421,438,45),(131,23,5,449,457,441,45),(132,24,5,466,461,479,45),(133,25,5,495,482,492,46),(134,26,5,510,509,517,46),(135,27,5,539,531,522,46),(136,28,5,550,549,555,47),(137,29,5,572,565,575,47),(138,30,5,596,594,588,47),(139,31,5,605,610,601,48),(140,32,5,628,623,636,48),(141,33,5,654,649,660,48),(142,34,5,677,668,680,49),(143,35,5,688,694,689,49),(144,1,6,18,11,16,50),(145,2,6,39,22,37,50),(146,3,6,44,60,57,50),(147,4,6,70,68,64,51),(148,5,6,99,82,98,51),(149,1,7,10,16,13,52),(150,2,7,39,30,26,52),(151,3,7,60,51,44,52),(152,4,7,80,68,78,53),(153,5,7,97,86,96,53),(154,6,8,115,102,118,54),(155,7,8,133,127,140,54),(156,8,8,154,149,159,54),(157,9,8,172,175,167,55),(158,10,8,197,181,194,55),(159,6,9,104,115,110,56),(160,7,9,124,136,140,56),(161,8,9,151,146,143,56),(162,9,9,174,179,177,57),(163,10,9,200,192,193,57),(164,11,10,215,206,217,58),(165,12,10,237,225,224,58),(166,13,10,242,257,243,58),(167,14,10,272,274,277,59),(168,15,10,282,289,291,59),(169,16,10,315,313,306,59),(170,17,10,322,340,323,60),(171,18,10,342,348,349,60),(172,11,11,215,205,212,61),(173,12,11,222,231,224,61),(174,13,11,251,255,249,61),(175,14,11,265,280,272,62),(176,15,11,295,286,293,62),(177,16,11,302,314,308,62),(178,17,11,327,335,324,63),(179,18,11,342,346,349,63),(180,18,12,352,360,362,64),(181,19,12,390,372,374,64),(182,20,12,406,408,393,64),(183,21,12,418,414,421,65),(184,22,12,450,438,435,65),(185,23,12,465,457,452,65),(186,24,12,478,480,483,66),(187,25,12,498,492,493,66),(188,1,13,8,1,6,67),(189,2,13,21,26,31,67),(190,3,13,48,46,43,67),(191,11,14,209,217,207,68),(192,12,14,223,239,230,68),(193,13,14,245,241,250,68),(194,11,15,201,208,210,69),(195,12,15,233,227,222,69),(196,13,15,244,242,247,69),(197,6,16,105,107,108,70),(198,7,16,127,132,123,70),(199,8,16,141,148,143,70);
/*!40000 ALTER TABLE `mesa` ENABLE KEYS */;
UNLOCK TABLES;

--
-- Table structure for table `opcion`
--

DROP TABLE IF EXISTS `opcion`;
/*!40101 SET @saved_cs_client     = @@character_set_client */;
/*!40101 SET character_set_client = utf8 */;
CREATE TABLE `opcion` (
  `id_boleta` int(11) NOT NULL,
  `texto` varchar(100) DEFAULT NULL,
  `id_eleccion` int(11) NOT NULL,
  PRIMARY KEY (`id_boleta`),
  KEY `FK_opcion_eleccion` (`id_eleccion`),
  CONSTRAINT `opcion_ibfk_1` FOREIGN KEY (`id_boleta`) REFERENCES `boleta` (`id_boleta`) ON DELETE CASCADE,
  CONSTRAINT `opcion_ibfk_2` FOREIGN KEY (`id_eleccion`) REFERENCES `eleccion` (`id_eleccion`) ON DELETE CASCADE
) ENGINE=InnoDB DEFAULT CHARSET=utf8;
/*!40101 SET character_set_client = @saved_cs_client */;

--
-- Dumping data for table `opcion`
--

LOCK TABLES `opcion` WRITE;
/*!40000 ALTER TABLE `opcion` DISABLE KEYS */;
INSERT INTO `opcion` VALUES (1,'Este sería el texto de la opción 0',1),(2,'Este sería el texto de la opción 1',1),(3,'Este sería el texto de la opción 2',1),(4,'Este sería el texto de la opción 3',1),(5,'Este sería el texto de la opción 4',1),(6,'Este sería el texto de la opción 5',1),(7,'Este sería el texto de la opción 0',2),(8,'Este sería el texto de la opción 1',2),(9,'Este sería el texto de la opción 2',2);
/*!40000 ALTER TABLE `opcion` ENABLE KEYS */;
UNLOCK TABLES;

--
-- Table structure for table `partido`
--

DROP TABLE IF EXISTS `partido`;
/*!40101 SET @saved_cs_client     = @@character_set_client */;
/*!40101 SET character_set_client = utf8 */;
CREATE TABLE `partido` (
  `id_partido` int(11) NOT NULL AUTO_INCREMENT,
  `nombre` varchar(50) DEFAULT NULL,
  PRIMARY KEY (`id_partido`)
) ENGINE=InnoDB AUTO_INCREMENT=6 DEFAULT CHARSET=utf8;
/*!40101 SET character_set_client = @saved_cs_client */;

--
-- Dumping data for table `partido`
--

LOCK TABLES `partido` WRITE;
/*!40000 ALTER TABLE `partido` DISABLE KEYS */;
INSERT INTO `partido` VALUES (1,'Partido Colorado'),(2,'Partido Colocado'),(3,'Partido Verde'),(4,'Partido de Marrek'),(5,'Partido nro 1');
/*!40000 ALTER TABLE `partido` ENABLE KEYS */;
UNLOCK TABLES;

--
-- Table structure for table `territorio`
--

DROP TABLE IF EXISTS `territorio`;
/*!40101 SET @saved_cs_client     = @@character_set_client */;
/*!40101 SET character_set_client = utf8 */;
CREATE TABLE `territorio` (
  `id_territorio` int(11) NOT NULL AUTO_INCREMENT,
  `nombre` varchar(200) NOT NULL,
  `nivel` enum('nacion','provincia','municipio') DEFAULT NULL,
  `id_padre` int(11) DEFAULT NULL,
  PRIMARY KEY (`id_territorio`),
  KEY `FK_territorio_padre` (`id_padre`),
  CONSTRAINT `territorio_ibfk_1` FOREIGN KEY (`id_padre`) REFERENCES `territorio` (`id_territorio`) ON DELETE SET NULL
) ENGINE=InnoDB AUTO_INCREMENT=10 DEFAULT CHARSET=utf8;
/*!40101 SET character_set_client = @saved_cs_client */;

--
-- Dumping data for table `territorio`
--

LOCK TABLES `territorio` WRITE;
/*!40000 ALTER TABLE `territorio` DISABLE KEYS */;
INSERT INTO `territorio` VALUES (1,'Argentina','nacion',NULL),(2,'Buenos Aires','provincia',1),(3,'Mendoza','provincia',1),(4,'Cordoba','provincia',1),(5,'Neuquen','provincia',1),(6,'San Martin','municipio',2),(7,'San Rafael','municipio',3),(8,'San Martin','municipio',3),(9,'Cordoba','municipio',4);
/*!40000 ALTER TABLE `territorio` ENABLE KEYS */;
UNLOCK TABLES;

--
-- Table structure for table `vota_en`
--

DROP TABLE IF EXISTS `vota_en`;
/*!40101 SET @saved_cs_client     = @@character_set_client */;
/*!40101 SET character_set_client = utf8 */;
CREATE TABLE `vota_en` (
  `id_ciudadano` int(11) NOT NULL,
  `id_mesa` int(11) NOT NULL,
  `hora` datetime DEFAULT NULL,
  PRIMARY KEY (`id_ciudadano`,`id_mesa`),
  KEY `FK_vota_en_mesa` (`id_mesa`),
  CONSTRAINT `vota_en_ibfk_1` FOREIGN KEY (`id_ciudadano`) REFERENCES `ciudadano` (`id_ciudadano`) ON DELETE CASCADE,
  CONSTRAINT `vota_en_ibfk_2` FOREIGN KEY (`id_mesa`) REFERENCES `mesa` (`id_mesa`) ON DELETE CASCADE
) ENGINE=InnoDB DEFAULT CHARSET=utf8;
/*!40101 SET character_set_client = @saved_cs_client */;

--
-- Dumping data for table `vota_en`
--

LOCK TABLES `vota_en` WRITE;
/*!40000 ALTER TABLE `vota_en` DISABLE KEYS */;
INSERT INTO `vota_en` VALUES (1,1,'2015-05-03 12:27:00'),(1,39,'2011-05-05 15:02:00'),(1,74,'2015-05-03 15:48:00'),(1,109,'2015-05-03 09:12:00'),(1,144,'2015-05-03 15:11:00'),(1,149,'2011-05-05 10:12:00'),(1,188,'2015-05-03 15:33:00'),(2,1,'2015-05-03 09:19:00'),(2,39,'2011-05-05 09:05:00'),(2,74,'2015-05-03 14:30:00'),(2,109,'2015-05-03 10:37:00'),(2,144,'2015-05-03 10:21:00'),(2,149,'2011-05-05 11:04:00'),(2,188,'2015-05-03 09:27:00'),(3,1,'2015-05-03 11:57:00'),(3,39,'2011-05-05 16:28:00'),(3,74,'2015-05-03 09:58:00'),(3,109,'2015-05-03 10:57:00'),(3,144,'2015-05-03 16:26:00'),(3,149,'2011-05-05 10:31:00'),(3,188,'2015-05-03 16:57:00'),(4,1,'2015-05-03 11:48:00'),(4,39,'2011-05-05 17:00:00'),(4,74,'2015-05-03 13:05:00'),(4,109,'2015-05-03 10:40:00'),(4,144,'2015-05-03 15:53:00'),(4,149,'2011-05-05 09:25:00'),(4,188,'2015-05-03 10:57:00'),(5,1,'2015-05-03 09:51:00'),(5,39,'2011-05-05 17:27:00'),(5,74,'2015-05-03 14:04:00'),(5,109,'2015-05-03 11:21:00'),(5,144,'2015-05-03 14:12:00'),(5,149,'2011-05-05 12:20:00'),(5,188,'2015-05-03 14:40:00'),(6,1,'2015-05-03 09:17:00'),(6,39,'2011-05-05 15:19:00'),(6,74,'2015-05-03 15:44:00'),(6,109,'2015-05-03 15:18:00'),(6,144,'2015-05-03 12:29:00'),(6,149,'2011-05-05 15:15:00'),(6,188,'2015-05-03 16:44:00'),(7,1,'2015-05-03 16:21:00'),(7,39,'2011-05-05 13:11:00'),(7,74,'2015-05-03 16:35:00'),(7,109,'2015-05-03 09:18:00'),(7,144,'2015-05-03 10:02:00'),(7,149,'2011-05-05 09:18:00'),(7,188,'2015-05-03 10:55:00'),(8,1,'2015-05-03 12:46:00'),(8,39,'2011-05-05 10:11:00'),(8,74,'2015-05-03 09:08:00'),(8,109,'2015-05-03 16:21:00'),(8,144,'2015-05-03 12:12:00'),(8,149,'2011-05-05 17:29:00'),(8,188,'2015-05-03 09:48:00'),(9,1,'2015-05-03 14:41:00'),(9,39,'2011-05-05 17:57:00'),(9,74,'2015-05-03 13:06:00'),(9,109,'2015-05-03 11:27:00'),(9,144,'2015-05-03 13:11:00'),(9,149,'2011-05-05 14:34:00'),(9,188,'2015-05-03 13:09:00'),(10,1,'2015-05-03 14:34:00'),(10,39,'2011-05-05 14:31:00'),(10,74,'2015-05-03 17:30:00'),(10,109,'2015-05-03 15:27:00'),(10,144,'2015-05-03 12:03:00'),(10,149,'2011-05-05 12:12:00'),(10,188,'2015-05-03 14:53:00'),(11,1,'2015-05-03 10:34:00'),(11,39,'2011-05-05 15:15:00'),(11,74,'2015-05-03 14:02:00'),(11,109,'2015-05-03 10:33:00'),(11,144,'2015-05-03 09:36:00'),(11,149,'2011-05-05 12:55:00'),(11,188,'2015-05-03 11:41:00'),(12,1,'2015-05-03 17:12:00'),(12,39,'2011-05-05 17:45:00'),(12,74,'2015-05-03 17:48:00'),(12,109,'2015-05-03 13:25:00'),(12,144,'2015-05-03 10:08:00'),(12,149,'2011-05-05 09:02:00'),(12,188,'2015-05-03 10:36:00'),(13,1,'2015-05-03 09:20:00'),(13,39,'2011-05-05 12:27:00'),(13,74,'2015-05-03 13:45:00'),(13,109,'2015-05-03 11:08:00'),(13,144,'2015-05-03 12:48:00'),(13,149,'2011-05-05 13:50:00'),(13,188,'2015-05-03 13:08:00'),(14,1,'2015-05-03 16:18:00'),(14,39,'2011-05-05 16:59:00'),(14,74,'2015-05-03 14:45:00'),(14,109,'2015-05-03 11:45:00'),(14,144,'2015-05-03 10:33:00'),(14,149,'2011-05-05 09:16:00'),(14,188,'2015-05-03 11:31:00'),(15,1,'2015-05-03 17:13:00'),(15,39,'2011-05-05 12:02:00'),(15,74,'2015-05-03 10:04:00'),(15,109,'2015-05-03 14:07:00'),(15,144,'2015-05-03 16:40:00'),(15,149,'2011-05-05 16:12:00'),(15,188,'2015-05-03 09:48:00'),(16,1,'2015-05-03 10:43:00'),(16,39,'2011-05-05 12:11:00'),(16,74,'2015-05-03 15:43:00'),(16,109,'2015-05-03 09:18:00'),(16,144,'2015-05-03 11:37:00'),(16,149,'2011-05-05 13:44:00'),(16,188,'2015-05-03 17:06:00'),(17,1,'2015-05-03 16:44:00'),(17,39,'2011-05-05 13:50:00'),(17,74,'2015-05-03 09:47:00'),(17,109,'2015-05-03 09:17:00'),(17,144,'2015-05-03 09:06:00'),(17,149,'2011-05-05 14:30:00'),(17,188,'2015-05-03 17:57:00'),(18,1,'2015-05-03 10:59:00'),(18,39,'2011-05-05 15:59:00'),(18,74,'2015-05-03 17:04:00'),(18,109,'2015-05-03 12:46:00'),(18,144,'2015-05-03 17:48:00'),(18,149,'2011-05-05 17:01:00'),(18,188,'2015-05-03 10:19:00'),(19,1,'2015-05-03 14:14:00'),(19,39,'2011-05-05 14:10:00'),(19,74,'2015-05-03 09:27:00'),(19,109,'2015-05-03 17:04:00'),(19,144,'2015-05-03 11:15:00'),(19,149,'2011-05-05 16:03:00'),(19,188,'2015-05-03 16:08:00'),(20,1,'2015-05-03 14:05:00'),(20,39,'2011-05-05 11:41:00'),(20,74,'2015-05-03 13:58:00'),(20,109,'2015-05-03 11:41:00'),(20,144,'2015-05-03 10:24:00'),(20,149,'2011-05-05 16:02:00'),(20,188,'2015-05-03 10:49:00'),(21,2,'2015-05-03 17:03:00'),(21,40,'2011-05-05 17:34:00'),(21,75,'2015-05-03 11:31:00'),(21,110,'2015-05-03 17:52:00'),(21,145,'2015-05-03 13:21:00'),(21,150,'2011-05-05 16:26:00'),(21,189,'2015-05-03 16:47:00'),(22,2,'2015-05-03 17:34:00'),(22,40,'2011-05-05 15:12:00'),(22,75,'2015-05-03 11:21:00'),(22,110,'2015-05-03 15:54:00'),(22,145,'2015-05-03 17:57:00'),(22,150,'2011-05-05 12:49:00'),(22,189,'2015-05-03 16:20:00'),(23,2,'2015-05-03 10:18:00'),(23,40,'2011-05-05 16:54:00'),(23,75,'2015-05-03 09:51:00'),(23,110,'2015-05-03 14:55:00'),(23,145,'2015-05-03 12:15:00'),(23,150,'2011-05-05 09:31:00'),(23,189,'2015-05-03 12:56:00'),(24,2,'2015-05-03 10:56:00'),(24,40,'2011-05-05 17:26:00'),(24,75,'2015-05-03 16:22:00'),(24,110,'2015-05-03 14:42:00'),(24,145,'2015-05-03 13:54:00'),(24,150,'2011-05-05 15:57:00'),(24,189,'2015-05-03 16:36:00'),(25,2,'2015-05-03 14:55:00'),(25,40,'2011-05-05 09:51:00'),(25,75,'2015-05-03 11:14:00'),(25,110,'2015-05-03 09:52:00'),(25,145,'2015-05-03 17:49:00'),(25,150,'2011-05-05 10:55:00'),(25,189,'2015-05-03 12:18:00'),(26,2,'2015-05-03 15:45:00'),(26,40,'2011-05-05 17:33:00'),(26,75,'2015-05-03 16:04:00'),(26,110,'2015-05-03 11:16:00'),(26,145,'2015-05-03 15:04:00'),(26,150,'2011-05-05 12:29:00'),(26,189,'2015-05-03 17:54:00'),(27,2,'2015-05-03 15:39:00'),(27,40,'2011-05-05 17:33:00'),(27,75,'2015-05-03 11:57:00'),(27,110,'2015-05-03 11:43:00'),(27,145,'2015-05-03 15:26:00'),(27,150,'2011-05-05 10:23:00'),(27,189,'2015-05-03 16:38:00'),(28,2,'2015-05-03 14:28:00'),(28,40,'2011-05-05 09:53:00'),(28,75,'2015-05-03 10:04:00'),(28,110,'2015-05-03 10:31:00'),(28,145,'2015-05-03 13:21:00'),(28,150,'2011-05-05 15:17:00'),(28,189,'2015-05-03 17:36:00'),(29,2,'2015-05-03 11:58:00'),(29,40,'2011-05-05 16:00:00'),(29,75,'2015-05-03 12:20:00'),(29,110,'2015-05-03 12:31:00'),(29,145,'2015-05-03 09:12:00'),(29,150,'2011-05-05 15:36:00'),(29,189,'2015-05-03 14:52:00'),(30,2,'2015-05-03 14:01:00'),(30,40,'2011-05-05 13:55:00'),(30,75,'2015-05-03 10:08:00'),(30,110,'2015-05-03 17:53:00'),(30,145,'2015-05-03 14:29:00'),(30,150,'2011-05-05 16:59:00'),(30,189,'2015-05-03 17:16:00'),(31,2,'2015-05-03 15:08:00'),(31,40,'2011-05-05 14:36:00'),(31,75,'2015-05-03 11:12:00'),(31,110,'2015-05-03 17:33:00'),(31,145,'2015-05-03 17:54:00'),(31,150,'2011-05-05 09:05:00'),(31,189,'2015-05-03 14:56:00'),(32,2,'2015-05-03 17:49:00'),(32,40,'2011-05-05 09:40:00'),(32,75,'2015-05-03 12:28:00'),(32,110,'2015-05-03 11:31:00'),(32,145,'2015-05-03 14:26:00'),(32,150,'2011-05-05 17:15:00'),(32,189,'2015-05-03 15:42:00'),(33,2,'2015-05-03 13:29:00'),(33,40,'2011-05-05 16:29:00'),(33,75,'2015-05-03 09:36:00'),(33,110,'2015-05-03 11:56:00'),(33,145,'2015-05-03 12:28:00'),(33,150,'2011-05-05 13:15:00'),(33,189,'2015-05-03 14:36:00'),(34,2,'2015-05-03 09:34:00'),(34,40,'2011-05-05 11:24:00'),(34,75,'2015-05-03 11:14:00'),(34,110,'2015-05-03 17:57:00'),(34,145,'2015-05-03 10:20:00'),(34,150,'2011-05-05 16:16:00'),(34,189,'2015-05-03 15:33:00'),(35,2,'2015-05-03 16:07:00'),(35,40,'2011-05-05 16:30:00'),(35,75,'2015-05-03 09:46:00'),(35,110,'2015-05-03 12:14:00'),(35,145,'2015-05-03 10:14:00'),(35,150,'2011-05-05 10:35:00'),(35,189,'2015-05-03 15:42:00'),(36,2,'2015-05-03 14:33:00'),(36,40,'2011-05-05 10:00:00'),(36,75,'2015-05-03 10:38:00'),(36,110,'2015-05-03 09:38:00'),(36,145,'2015-05-03 10:48:00'),(36,150,'2011-05-05 09:01:00'),(36,189,'2015-05-03 14:51:00'),(37,2,'2015-05-03 09:26:00'),(37,40,'2011-05-05 17:44:00'),(37,75,'2015-05-03 12:16:00'),(37,110,'2015-05-03 11:56:00'),(37,145,'2015-05-03 11:06:00'),(37,150,'2011-05-05 17:05:00'),(37,189,'2015-05-03 13:35:00'),(38,2,'2015-05-03 14:58:00'),(38,40,'2011-05-05 11:17:00'),(38,75,'2015-05-03 15:47:00'),(38,110,'2015-05-03 17:13:00'),(38,145,'2015-05-03 09:27:00'),(38,150,'2011-05-05 09:01:00'),(38,189,'2015-05-03 16:23:00'),(39,2,'2015-05-03 17:25:00'),(39,40,'2011-05-05 14:11:00'),(39,75,'2015-05-03 17:14:00'),(39,110,'2015-05-03 11:36:00'),(39,145,'2015-05-03 10:55:00'),(39,150,'2011-05-05 09:52:00'),(39,189,'2015-05-03 14:55:00'),(40,2,'2015-05-03 17:01:00'),(40,40,'2011-05-05 17:10:00'),(40,75,'2015-05-03 13:13:00'),(40,110,'2015-05-03 11:25:00'),(40,145,'2015-05-03 09:09:00'),(40,150,'2011-05-05 12:07:00'),(40,189,'2015-05-03 17:51:00'),(41,3,'2015-05-03 10:07:00'),(41,41,'2011-05-05 16:13:00'),(41,76,'2015-05-03 13:51:00'),(41,111,'2015-05-03 10:05:00'),(41,146,'2015-05-03 16:07:00'),(41,151,'2011-05-05 10:00:00'),(41,190,'2015-05-03 13:20:00'),(42,3,'2015-05-03 10:47:00'),(42,41,'2011-05-05 17:35:00'),(42,76,'2015-05-03 14:53:00'),(42,111,'2015-05-03 17:59:00'),(42,146,'2015-05-03 12:09:00'),(42,151,'2011-05-05 17:45:00'),(42,190,'2015-05-03 15:15:00'),(43,3,'2015-05-03 17:57:00'),(43,41,'2011-05-05 17:27:00'),(43,76,'2015-05-03 10:48:00'),(43,111,'2015-05-03 11:23:00'),(43,146,'2015-05-03 15:32:00'),(43,151,'2011-05-05 11:03:00'),(43,190,'2015-05-03 12:24:00'),(44,3,'2015-05-03 14:58:00'),(44,41,'2011-05-05 11:50:00'),(44,76,'2015-05-03 15:15:00'),(44,111,'2015-05-03 13:17:00'),(44,146,'2015-05-03 13:43:00'),(44,151,'2011-05-05 12:30:00'),(44,190,'2015-05-03 10:27:00'),(45,3,'2015-05-03 11:32:00'),(45,41,'2011-05-05 17:11:00'),(45,76,'2015-05-03 17:33:00'),(45,111,'2015-05-03 09:38:00'),(45,146,'2015-05-03 09:38:00'),(45,151,'2011-05-05 10:43:00'),(45,190,'2015-05-03 11:02:00'),(46,3,'2015-05-03 16:02:00'),(46,41,'2011-05-05 16:55:00'),(46,76,'2015-05-03 15:57:00'),(46,111,'2015-05-03 12:45:00'),(46,146,'2015-05-03 10:59:00'),(46,151,'2011-05-05 13:28:00'),(46,190,'2015-05-03 16:32:00'),(47,3,'2015-05-03 11:09:00'),(47,41,'2011-05-05 14:35:00'),(47,76,'2015-05-03 17:10:00'),(47,111,'2015-05-03 17:47:00'),(47,146,'2015-05-03 11:55:00'),(47,151,'2011-05-05 09:53:00'),(47,190,'2015-05-03 13:20:00'),(48,3,'2015-05-03 09:42:00'),(48,41,'2011-05-05 17:42:00'),(48,76,'2015-05-03 13:01:00'),(48,111,'2015-05-03 15:36:00'),(48,146,'2015-05-03 12:10:00'),(48,151,'2011-05-05 09:43:00'),(48,190,'2015-05-03 17:21:00'),(49,3,'2015-05-03 10:27:00'),(49,41,'2011-05-05 14:07:00'),(49,76,'2015-05-03 17:24:00'),(49,111,'2015-05-03 17:08:00'),(49,146,'2015-05-03 10:33:00'),(49,151,'2011-05-05 10:01:00'),(49,190,'2015-05-03 13:08:00'),(50,3,'2015-05-03 14:49:00'),(50,41,'2011-05-05 11:50:00'),(50,76,'2015-05-03 14:43:00'),(50,111,'2015-05-03 16:56:00'),(50,146,'2015-05-03 16:52:00'),(50,151,'2011-05-05 13:55:00'),(50,190,'2015-05-03 15:04:00'),(51,3,'2015-05-03 12:45:00'),(51,41,'2011-05-05 10:32:00'),(51,76,'2015-05-03 13:00:00'),(51,111,'2015-05-03 15:29:00'),(51,146,'2015-05-03 15:30:00'),(51,151,'2011-05-05 15:53:00'),(52,3,'2015-05-03 15:55:00'),(52,41,'2011-05-05 16:14:00'),(52,76,'2015-05-03 14:17:00'),(52,111,'2015-05-03 17:16:00'),(52,146,'2015-05-03 09:18:00'),(52,151,'2011-05-05 17:36:00'),(53,3,'2015-05-03 12:19:00'),(53,41,'2011-05-05 11:25:00'),(53,76,'2015-05-03 11:27:00'),(53,111,'2015-05-03 15:29:00'),(53,146,'2015-05-03 17:32:00'),(53,151,'2011-05-05 12:57:00'),(54,3,'2015-05-03 17:19:00'),(54,41,'2011-05-05 13:57:00'),(54,76,'2015-05-03 11:02:00'),(54,111,'2015-05-03 13:38:00'),(54,146,'2015-05-03 16:34:00'),(54,151,'2011-05-05 15:41:00'),(55,3,'2015-05-03 17:44:00'),(55,41,'2011-05-05 15:06:00'),(55,76,'2015-05-03 16:56:00'),(55,111,'2015-05-03 09:02:00'),(55,146,'2015-05-03 12:53:00'),(55,151,'2011-05-05 16:27:00'),(56,3,'2015-05-03 17:45:00'),(56,41,'2011-05-05 09:20:00'),(56,76,'2015-05-03 11:57:00'),(56,111,'2015-05-03 10:29:00'),(56,146,'2015-05-03 15:23:00'),(56,151,'2011-05-05 10:50:00'),(57,3,'2015-05-03 14:43:00'),(57,41,'2011-05-05 13:22:00'),(57,76,'2015-05-03 17:41:00'),(57,111,'2015-05-03 13:38:00'),(57,146,'2015-05-03 15:50:00'),(57,151,'2011-05-05 09:06:00'),(58,3,'2015-05-03 17:36:00'),(58,41,'2011-05-05 16:45:00'),(58,76,'2015-05-03 16:37:00'),(58,111,'2015-05-03 17:54:00'),(58,146,'2015-05-03 09:33:00'),(58,151,'2011-05-05 15:51:00'),(59,3,'2015-05-03 14:23:00'),(59,41,'2011-05-05 14:36:00'),(59,76,'2015-05-03 17:07:00'),(59,111,'2015-05-03 10:39:00'),(59,146,'2015-05-03 09:31:00'),(59,151,'2011-05-05 12:09:00'),(60,3,'2015-05-03 13:26:00'),(60,41,'2011-05-05 09:55:00'),(60,76,'2015-05-03 14:58:00'),(60,111,'2015-05-03 10:23:00'),(60,146,'2015-05-03 17:30:00'),(60,151,'2011-05-05 11:49:00'),(61,4,'2015-05-03 16:40:00'),(61,42,'2011-05-05 13:23:00'),(61,77,'2015-05-03 09:07:00'),(61,112,'2015-05-03 09:21:00'),(61,147,'2015-05-03 09:51:00'),(61,152,'2011-05-05 12:22:00'),(62,4,'2015-05-03 10:46:00'),(62,42,'2011-05-05 11:49:00'),(62,77,'2015-05-03 15:51:00'),(62,112,'2015-05-03 14:40:00'),(62,147,'2015-05-03 10:52:00'),(62,152,'2011-05-05 17:40:00'),(63,4,'2015-05-03 14:12:00'),(63,42,'2011-05-05 15:44:00'),(63,77,'2015-05-03 12:34:00'),(63,112,'2015-05-03 09:28:00'),(63,147,'2015-05-03 11:25:00'),(63,152,'2011-05-05 15:53:00'),(64,4,'2015-05-03 11:06:00'),(64,42,'2011-05-05 10:03:00'),(64,77,'2015-05-03 17:29:00'),(64,112,'2015-05-03 10:41:00'),(64,147,'2015-05-03 15:50:00'),(64,152,'2011-05-05 15:38:00'),(65,4,'2015-05-03 16:58:00'),(65,42,'2011-05-05 12:13:00'),(65,77,'2015-05-03 15:19:00'),(65,112,'2015-05-03 11:19:00'),(65,147,'2015-05-03 17:59:00'),(65,152,'2011-05-05 10:00:00'),(66,4,'2015-05-03 09:31:00'),(66,42,'2011-05-05 09:42:00'),(66,77,'2015-05-03 17:50:00'),(66,112,'2015-05-03 16:51:00'),(66,147,'2015-05-03 10:57:00'),(66,152,'2011-05-05 16:06:00'),(67,4,'2015-05-03 15:57:00'),(67,42,'2011-05-05 15:26:00'),(67,77,'2015-05-03 17:10:00'),(67,112,'2015-05-03 16:07:00'),(67,147,'2015-05-03 15:46:00'),(67,152,'2011-05-05 10:04:00'),(68,4,'2015-05-03 15:26:00'),(68,42,'2011-05-05 16:51:00'),(68,77,'2015-05-03 14:17:00'),(68,112,'2015-05-03 10:42:00'),(68,147,'2015-05-03 15:03:00'),(68,152,'2011-05-05 12:15:00'),(69,4,'2015-05-03 14:32:00'),(69,42,'2011-05-05 12:48:00'),(69,77,'2015-05-03 16:14:00'),(69,112,'2015-05-03 10:53:00'),(69,147,'2015-05-03 16:35:00'),(69,152,'2011-05-05 10:51:00'),(70,4,'2015-05-03 10:22:00'),(70,42,'2011-05-05 14:13:00'),(70,77,'2015-05-03 12:22:00'),(70,112,'2015-05-03 11:51:00'),(70,147,'2015-05-03 14:51:00'),(70,152,'2011-05-05 17:16:00'),(71,4,'2015-05-03 09:03:00'),(71,42,'2011-05-05 13:17:00'),(71,77,'2015-05-03 12:32:00'),(71,112,'2015-05-03 10:57:00'),(71,147,'2015-05-03 15:30:00'),(71,152,'2011-05-05 15:04:00'),(72,4,'2015-05-03 11:25:00'),(72,42,'2011-05-05 11:28:00'),(72,77,'2015-05-03 12:05:00'),(72,112,'2015-05-03 09:46:00'),(72,147,'2015-05-03 12:59:00'),(72,152,'2011-05-05 16:32:00'),(73,4,'2015-05-03 10:31:00'),(73,42,'2011-05-05 09:35:00'),(73,77,'2015-05-03 11:43:00'),(73,112,'2015-05-03 10:27:00'),(73,147,'2015-05-03 10:41:00'),(73,152,'2011-05-05 10:40:00'),(74,4,'2015-05-03 12:18:00'),(74,42,'2011-05-05 13:23:00'),(74,77,'2015-05-03 12:47:00'),(74,112,'2015-05-03 09:42:00'),(74,147,'2015-05-03 17:39:00'),(74,152,'2011-05-05 11:59:00'),(75,4,'2015-05-03 14:01:00'),(75,42,'2011-05-05 16:13:00'),(75,77,'2015-05-03 14:20:00'),(75,112,'2015-05-03 11:40:00'),(75,147,'2015-05-03 11:55:00'),(75,152,'2011-05-05 15:07:00'),(76,4,'2015-05-03 14:49:00'),(76,42,'2011-05-05 16:26:00'),(76,77,'2015-05-03 11:26:00'),(76,112,'2015-05-03 16:48:00'),(76,147,'2015-05-03 14:35:00'),(76,152,'2011-05-05 13:06:00'),(77,4,'2015-05-03 11:17:00'),(77,42,'2011-05-05 17:45:00'),(77,77,'2015-05-03 09:16:00'),(77,112,'2015-05-03 11:03:00'),(77,147,'2015-05-03 12:42:00'),(77,152,'2011-05-05 16:30:00'),(78,4,'2015-05-03 11:34:00'),(78,42,'2011-05-05 11:55:00'),(78,77,'2015-05-03 12:00:00'),(78,112,'2015-05-03 10:50:00'),(78,147,'2015-05-03 17:25:00'),(78,152,'2011-05-05 10:33:00'),(79,4,'2015-05-03 17:15:00'),(79,42,'2011-05-05 11:17:00'),(79,77,'2015-05-03 17:04:00'),(79,112,'2015-05-03 16:27:00'),(79,147,'2015-05-03 17:07:00'),(79,152,'2011-05-05 10:49:00'),(80,4,'2015-05-03 15:04:00'),(80,42,'2011-05-05 13:29:00'),(80,77,'2015-05-03 09:04:00'),(80,112,'2015-05-03 10:26:00'),(80,147,'2015-05-03 17:23:00'),(80,152,'2011-05-05 17:46:00'),(81,5,'2015-05-03 16:36:00'),(81,43,'2011-05-05 10:43:00'),(81,78,'2015-05-03 15:49:00'),(81,113,'2015-05-03 12:05:00'),(81,148,'2015-05-03 13:23:00'),(81,153,'2011-05-05 14:57:00'),(82,5,'2015-05-03 11:08:00'),(82,43,'2011-05-05 09:32:00'),(82,78,'2015-05-03 17:27:00'),(82,113,'2015-05-03 15:26:00'),(82,148,'2015-05-03 09:29:00'),(82,153,'2011-05-05 11:24:00'),(83,5,'2015-05-03 13:16:00'),(83,43,'2011-05-05 16:03:00'),(83,78,'2015-05-03 14:51:00'),(83,113,'2015-05-03 17:00:00'),(83,148,'2015-05-03 17:41:00'),(83,153,'2011-05-05 12:29:00'),(84,5,'2015-05-03 10:39:00'),(84,43,'2011-05-05 11:15:00'),(84,78,'2015-05-03 12:59:00'),(84,113,'2015-05-03 14:19:00'),(84,148,'2015-05-03 11:46:00'),(84,153,'2011-05-05 16:52:00'),(85,5,'2015-05-03 16:11:00'),(85,43,'2011-05-05 11:27:00'),(85,78,'2015-05-03 11:35:00'),(85,113,'2015-05-03 13:32:00'),(85,148,'2015-05-03 16:48:00'),(85,153,'2011-05-05 14:16:00'),(86,5,'2015-05-03 16:35:00'),(86,43,'2011-05-05 09:03:00'),(86,78,'2015-05-03 13:28:00'),(86,113,'2015-05-03 11:16:00'),(86,148,'2015-05-03 16:48:00'),(86,153,'2011-05-05 15:38:00'),(87,5,'2015-05-03 17:38:00'),(87,43,'2011-05-05 12:11:00'),(87,78,'2015-05-03 11:43:00'),(87,113,'2015-05-03 12:19:00'),(87,148,'2015-05-03 11:54:00'),(87,153,'2011-05-05 09:16:00'),(88,5,'2015-05-03 13:53:00'),(88,43,'2011-05-05 14:48:00'),(88,78,'2015-05-03 11:49:00'),(88,113,'2015-05-03 15:56:00'),(88,148,'2015-05-03 17:31:00'),(88,153,'2011-05-05 16:30:00'),(89,5,'2015-05-03 11:19:00'),(89,43,'2011-05-05 12:00:00'),(89,78,'2015-05-03 11:58:00'),(89,113,'2015-05-03 14:17:00'),(89,148,'2015-05-03 14:41:00'),(89,153,'2011-05-05 13:24:00'),(90,5,'2015-05-03 16:32:00'),(90,43,'2011-05-05 10:54:00'),(90,78,'2015-05-03 14:03:00'),(90,113,'2015-05-03 14:20:00'),(90,148,'2015-05-03 15:51:00'),(90,153,'2011-05-05 12:53:00'),(91,5,'2015-05-03 15:25:00'),(91,43,'2011-05-05 11:39:00'),(91,78,'2015-05-03 15:21:00'),(91,113,'2015-05-03 09:52:00'),(91,148,'2015-05-03 11:15:00'),(91,153,'2011-05-05 12:27:00'),(92,5,'2015-05-03 09:02:00'),(92,43,'2011-05-05 10:50:00'),(92,78,'2015-05-03 10:27:00'),(92,113,'2015-05-03 17:42:00'),(92,148,'2015-05-03 14:19:00'),(92,153,'2011-05-05 10:30:00'),(93,5,'2015-05-03 11:57:00'),(93,43,'2011-05-05 10:35:00'),(93,78,'2015-05-03 09:37:00'),(93,113,'2015-05-03 17:43:00'),(93,148,'2015-05-03 12:21:00'),(93,153,'2011-05-05 11:50:00'),(94,5,'2015-05-03 10:46:00'),(94,43,'2011-05-05 17:41:00'),(94,78,'2015-05-03 09:43:00'),(94,113,'2015-05-03 11:07:00'),(94,148,'2015-05-03 13:06:00'),(94,153,'2011-05-05 11:30:00'),(95,5,'2015-05-03 13:08:00'),(95,43,'2011-05-05 10:22:00'),(95,78,'2015-05-03 09:08:00'),(95,113,'2015-05-03 12:44:00'),(95,148,'2015-05-03 11:55:00'),(95,153,'2011-05-05 10:41:00'),(96,5,'2015-05-03 17:46:00'),(96,43,'2011-05-05 11:21:00'),(96,78,'2015-05-03 12:56:00'),(96,113,'2015-05-03 09:32:00'),(96,148,'2015-05-03 09:07:00'),(96,153,'2011-05-05 09:29:00'),(97,5,'2015-05-03 16:25:00'),(97,43,'2011-05-05 12:47:00'),(97,78,'2015-05-03 14:41:00'),(97,113,'2015-05-03 17:16:00'),(97,148,'2015-05-03 17:26:00'),(97,153,'2011-05-05 16:08:00'),(98,5,'2015-05-03 13:47:00'),(98,43,'2011-05-05 12:39:00'),(98,78,'2015-05-03 10:51:00'),(98,113,'2015-05-03 15:57:00'),(98,148,'2015-05-03 14:34:00'),(98,153,'2011-05-05 17:08:00'),(99,5,'2015-05-03 16:26:00'),(99,43,'2011-05-05 15:06:00'),(99,78,'2015-05-03 12:11:00'),(99,113,'2015-05-03 16:56:00'),(99,148,'2015-05-03 17:12:00'),(99,153,'2011-05-05 09:38:00'),(100,5,'2015-05-03 14:10:00'),(100,43,'2011-05-05 12:32:00'),(100,78,'2015-05-03 16:01:00'),(100,113,'2015-05-03 13:13:00'),(100,148,'2015-05-03 12:49:00'),(100,153,'2011-05-05 10:19:00'),(101,6,'2015-05-03 09:44:00'),(101,44,'2011-05-05 11:38:00'),(101,79,'2015-05-03 16:50:00'),(101,114,'2015-05-03 13:19:00'),(101,154,'2015-05-03 09:16:00'),(101,159,'2011-05-05 10:02:00'),(101,197,'2015-05-03 09:42:00'),(102,6,'2015-05-03 11:35:00'),(102,44,'2011-05-05 12:51:00'),(102,79,'2015-05-03 17:23:00'),(102,114,'2015-05-03 09:15:00'),(102,154,'2015-05-03 16:23:00'),(102,159,'2011-05-05 12:39:00'),(102,197,'2015-05-03 13:13:00'),(103,6,'2015-05-03 11:38:00'),(103,44,'2011-05-05 10:56:00'),(103,79,'2015-05-03 12:09:00'),(103,114,'2015-05-03 13:48:00'),(103,154,'2015-05-03 12:24:00'),(103,159,'2011-05-05 17:28:00'),(103,197,'2015-05-03 16:17:00'),(104,6,'2015-05-03 11:24:00'),(104,44,'2011-05-05 11:25:00'),(104,79,'2015-05-03 15:45:00'),(104,114,'2015-05-03 09:23:00'),(104,154,'2015-05-03 15:06:00'),(104,159,'2011-05-05 13:19:00'),(104,197,'2015-05-03 11:13:00'),(105,6,'2015-05-03 11:21:00'),(105,44,'2011-05-05 15:43:00'),(105,79,'2015-05-03 13:49:00'),(105,114,'2015-05-03 16:13:00'),(105,154,'2015-05-03 15:11:00'),(105,159,'2011-05-05 14:01:00'),(105,197,'2015-05-03 10:10:00'),(106,6,'2015-05-03 14:30:00'),(106,44,'2011-05-05 14:41:00'),(106,79,'2015-05-03 14:16:00'),(106,114,'2015-05-03 12:42:00'),(106,154,'2015-05-03 12:56:00'),(106,159,'2011-05-05 11:23:00'),(106,197,'2015-05-03 10:04:00'),(107,6,'2015-05-03 16:35:00'),(107,44,'2011-05-05 14:04:00'),(107,79,'2015-05-03 14:51:00'),(107,114,'2015-05-03 12:14:00'),(107,154,'2015-05-03 14:22:00'),(107,159,'2011-05-05 17:52:00'),(107,197,'2015-05-03 17:28:00'),(108,6,'2015-05-03 17:55:00'),(108,44,'2011-05-05 15:56:00'),(108,79,'2015-05-03 12:15:00'),(108,114,'2015-05-03 14:06:00'),(108,154,'2015-05-03 10:55:00'),(108,159,'2011-05-05 14:03:00'),(108,197,'2015-05-03 17:55:00'),(109,6,'2015-05-03 16:41:00'),(109,44,'2011-05-05 11:59:00'),(109,79,'2015-05-03 12:00:00'),(109,114,'2015-05-03 12:27:00'),(109,154,'2015-05-03 16:53:00'),(109,159,'2011-05-05 14:46:00'),(109,197,'2015-05-03 12:09:00'),(110,6,'2015-05-03 15:25:00'),(110,44,'2011-05-05 11:13:00'),(110,79,'2015-05-03 14:35:00'),(110,114,'2015-05-03 14:15:00'),(110,154,'2015-05-03 15:44:00'),(110,159,'2011-05-05 17:46:00'),(110,197,'2015-05-03 13:17:00'),(111,6,'2015-05-03 14:24:00'),(111,44,'2011-05-05 12:26:00'),(111,79,'2015-05-03 09:10:00'),(111,114,'2015-05-03 13:09:00'),(111,154,'2015-05-03 14:30:00'),(111,159,'2011-05-05 16:26:00'),(111,197,'2015-05-03 14:54:00'),(112,6,'2015-05-03 12:54:00'),(112,44,'2011-05-05 13:05:00'),(112,79,'2015-05-03 10:35:00'),(112,114,'2015-05-03 15:52:00'),(112,154,'2015-05-03 16:06:00'),(112,159,'2011-05-05 13:16:00'),(112,197,'2015-05-03 16:15:00'),(113,6,'2015-05-03 12:35:00'),(113,44,'2011-05-05 15:18:00'),(113,79,'2015-05-03 15:12:00'),(113,114,'2015-05-03 16:46:00'),(113,154,'2015-05-03 14:14:00'),(113,159,'2011-05-05 09:56:00'),(113,197,'2015-05-03 11:06:00'),(114,6,'2015-05-03 17:09:00'),(114,44,'2011-05-05 09:10:00'),(114,79,'2015-05-03 16:19:00'),(114,114,'2015-05-03 16:57:00'),(114,154,'2015-05-03 09:28:00'),(114,159,'2011-05-05 10:28:00'),(114,197,'2015-05-03 12:54:00'),(115,6,'2015-05-03 10:43:00'),(115,44,'2011-05-05 15:14:00'),(115,79,'2015-05-03 13:47:00'),(115,114,'2015-05-03 10:42:00'),(115,154,'2015-05-03 15:25:00'),(115,159,'2011-05-05 17:23:00'),(115,197,'2015-05-03 11:35:00'),(116,6,'2015-05-03 13:32:00'),(116,44,'2011-05-05 10:55:00'),(116,79,'2015-05-03 17:42:00'),(116,114,'2015-05-03 11:50:00'),(116,154,'2015-05-03 15:16:00'),(116,159,'2011-05-05 12:05:00'),(116,197,'2015-05-03 16:06:00'),(117,6,'2015-05-03 17:30:00'),(117,44,'2011-05-05 12:33:00'),(117,79,'2015-05-03 17:11:00'),(117,114,'2015-05-03 10:59:00'),(117,154,'2015-05-03 15:14:00'),(117,159,'2011-05-05 14:42:00'),(117,197,'2015-05-03 09:18:00'),(118,6,'2015-05-03 10:24:00'),(118,44,'2011-05-05 14:17:00'),(118,79,'2015-05-03 15:25:00'),(118,114,'2015-05-03 09:51:00'),(118,154,'2015-05-03 16:54:00'),(118,159,'2011-05-05 12:10:00'),(118,197,'2015-05-03 16:45:00'),(119,6,'2015-05-03 14:47:00'),(119,44,'2011-05-05 16:14:00'),(119,79,'2015-05-03 16:08:00'),(119,114,'2015-05-03 11:04:00'),(119,154,'2015-05-03 17:48:00'),(119,159,'2011-05-05 11:56:00'),(119,197,'2015-05-03 17:34:00'),(120,6,'2015-05-03 13:08:00'),(120,44,'2011-05-05 09:10:00'),(120,79,'2015-05-03 12:53:00'),(120,114,'2015-05-03 10:15:00'),(120,154,'2015-05-03 10:02:00'),(120,159,'2011-05-05 16:45:00'),(120,197,'2015-05-03 15:27:00'),(121,7,'2015-05-03 17:37:00'),(121,45,'2011-05-05 12:19:00'),(121,80,'2015-05-03 15:06:00'),(121,115,'2015-05-03 10:49:00'),(121,155,'2015-05-03 14:30:00'),(121,160,'2011-05-05 14:01:00'),(121,198,'2015-05-03 09:22:00'),(122,7,'2015-05-03 16:28:00'),(122,45,'2011-05-05 16:46:00'),(122,80,'2015-05-03 17:50:00'),(122,115,'2015-05-03 11:08:00'),(122,155,'2015-05-03 09:49:00'),(122,160,'2011-05-05 09:46:00'),(122,198,'2015-05-03 10:13:00'),(123,7,'2015-05-03 17:05:00'),(123,45,'2011-05-05 14:25:00'),(123,80,'2015-05-03 16:21:00'),(123,115,'2015-05-03 11:06:00'),(123,155,'2015-05-03 16:37:00'),(123,160,'2011-05-05 12:21:00'),(123,198,'2015-05-03 13:33:00'),(124,7,'2015-05-03 15:16:00'),(124,45,'2011-05-05 10:27:00'),(124,80,'2015-05-03 13:20:00'),(124,115,'2015-05-03 12:05:00'),(124,155,'2015-05-03 14:54:00'),(124,160,'2011-05-05 09:37:00'),(124,198,'2015-05-03 10:13:00'),(125,7,'2015-05-03 11:09:00'),(125,45,'2011-05-05 09:40:00'),(125,80,'2015-05-03 16:03:00'),(125,115,'2015-05-03 11:02:00'),(125,155,'2015-05-03 12:16:00'),(125,160,'2011-05-05 13:01:00'),(125,198,'2015-05-03 12:52:00'),(126,7,'2015-05-03 17:15:00'),(126,45,'2011-05-05 09:58:00'),(126,80,'2015-05-03 16:08:00'),(126,115,'2015-05-03 14:34:00'),(126,155,'2015-05-03 16:14:00'),(126,160,'2011-05-05 09:10:00'),(126,198,'2015-05-03 09:26:00'),(127,7,'2015-05-03 12:10:00'),(127,45,'2011-05-05 09:21:00'),(127,80,'2015-05-03 12:24:00'),(127,115,'2015-05-03 13:07:00'),(127,155,'2015-05-03 15:22:00'),(127,160,'2011-05-05 17:12:00'),(127,198,'2015-05-03 17:39:00'),(128,7,'2015-05-03 09:01:00'),(128,45,'2011-05-05 10:08:00'),(128,80,'2015-05-03 09:11:00'),(128,115,'2015-05-03 12:04:00'),(128,155,'2015-05-03 09:12:00'),(128,160,'2011-05-05 09:16:00'),(128,198,'2015-05-03 11:02:00'),(129,7,'2015-05-03 13:39:00'),(129,45,'2011-05-05 12:45:00'),(129,80,'2015-05-03 16:37:00'),(129,115,'2015-05-03 15:50:00'),(129,155,'2015-05-03 15:50:00'),(129,160,'2011-05-05 15:54:00'),(129,198,'2015-05-03 12:05:00'),(130,7,'2015-05-03 12:57:00'),(130,45,'2011-05-05 17:55:00'),(130,80,'2015-05-03 16:48:00'),(130,115,'2015-05-03 10:31:00'),(130,155,'2015-05-03 14:48:00'),(130,160,'2011-05-05 10:07:00'),(130,198,'2015-05-03 15:14:00'),(131,7,'2015-05-03 14:39:00'),(131,45,'2011-05-05 10:01:00'),(131,80,'2015-05-03 17:08:00'),(131,115,'2015-05-03 14:45:00'),(131,155,'2015-05-03 14:05:00'),(131,160,'2011-05-05 14:46:00'),(131,198,'2015-05-03 16:39:00'),(132,7,'2015-05-03 10:19:00'),(132,45,'2011-05-05 17:36:00'),(132,80,'2015-05-03 15:58:00'),(132,115,'2015-05-03 12:35:00'),(132,155,'2015-05-03 15:48:00'),(132,160,'2011-05-05 16:03:00'),(132,198,'2015-05-03 15:56:00'),(133,7,'2015-05-03 10:56:00'),(133,45,'2011-05-05 13:41:00'),(133,80,'2015-05-03 09:33:00'),(133,115,'2015-05-03 15:55:00'),(133,155,'2015-05-03 14:11:00'),(133,160,'2011-05-05 17:22:00'),(133,198,'2015-05-03 15:15:00'),(134,7,'2015-05-03 17:37:00'),(134,45,'2011-05-05 14:38:00'),(134,80,'2015-05-03 09:25:00'),(134,115,'2015-05-03 10:02:00'),(134,155,'2015-05-03 10:04:00'),(134,160,'2011-05-05 11:29:00'),(134,198,'2015-05-03 16:04:00'),(135,7,'2015-05-03 10:14:00'),(135,45,'2011-05-05 17:38:00'),(135,80,'2015-05-03 11:15:00'),(135,115,'2015-05-03 16:54:00'),(135,155,'2015-05-03 12:40:00'),(135,160,'2011-05-05 17:05:00'),(135,198,'2015-05-03 14:39:00'),(136,7,'2015-05-03 13:27:00'),(136,45,'2011-05-05 12:44:00'),(136,80,'2015-05-03 17:16:00'),(136,115,'2015-05-03 16:42:00'),(136,155,'2015-05-03 14:24:00'),(136,160,'2011-05-05 10:29:00'),(136,198,'2015-05-03 13:12:00'),(137,7,'2015-05-03 13:04:00'),(137,45,'2011-05-05 09:46:00'),(137,80,'2015-05-03 15:21:00'),(137,115,'2015-05-03 12:54:00'),(137,155,'2015-05-03 16:25:00'),(137,160,'2011-05-05 13:43:00'),(137,198,'2015-05-03 12:54:00'),(138,7,'2015-05-03 13:17:00'),(138,45,'2011-05-05 17:54:00'),(138,80,'2015-05-03 17:00:00'),(138,115,'2015-05-03 11:13:00'),(138,155,'2015-05-03 15:24:00'),(138,160,'2011-05-05 09:39:00'),(138,198,'2015-05-03 09:36:00'),(139,7,'2015-05-03 13:22:00'),(139,45,'2011-05-05 17:04:00'),(139,80,'2015-05-03 11:20:00'),(139,115,'2015-05-03 14:55:00'),(139,155,'2015-05-03 10:19:00'),(139,160,'2011-05-05 16:15:00'),(139,198,'2015-05-03 14:35:00'),(140,7,'2015-05-03 14:16:00'),(140,45,'2011-05-05 11:45:00'),(140,80,'2015-05-03 09:43:00'),(140,115,'2015-05-03 12:32:00'),(140,155,'2015-05-03 16:05:00'),(140,160,'2011-05-05 14:52:00'),(140,198,'2015-05-03 15:06:00'),(141,8,'2015-05-03 13:06:00'),(141,46,'2011-05-05 09:11:00'),(141,81,'2015-05-03 15:27:00'),(141,116,'2015-05-03 11:26:00'),(141,156,'2015-05-03 09:04:00'),(141,161,'2011-05-05 11:55:00'),(141,199,'2015-05-03 09:30:00'),(142,8,'2015-05-03 17:20:00'),(142,46,'2011-05-05 13:44:00'),(142,81,'2015-05-03 09:04:00'),(142,116,'2015-05-03 14:02:00'),(142,156,'2015-05-03 10:11:00'),(142,161,'2011-05-05 10:11:00'),(142,199,'2015-05-03 09:50:00'),(143,8,'2015-05-03 09:26:00'),(143,46,'2011-05-05 17:33:00'),(143,81,'2015-05-03 11:48:00'),(143,116,'2015-05-03 09:18:00'),(143,156,'2015-05-03 09:57:00'),(143,161,'2011-05-05 10:54:00'),(143,199,'2015-05-03 09:59:00'),(144,8,'2015-05-03 14:00:00'),(144,46,'2011-05-05 15:33:00'),(144,81,'2015-05-03 15:41:00'),(144,116,'2015-05-03 12:37:00'),(144,156,'2015-05-03 09:21:00'),(144,161,'2011-05-05 10:41:00'),(144,199,'2015-05-03 14:11:00'),(145,8,'2015-05-03 17:22:00'),(145,46,'2011-05-05 17:32:00'),(145,81,'2015-05-03 12:32:00'),(145,116,'2015-05-03 09:24:00'),(145,156,'2015-05-03 13:51:00'),(145,161,'2011-05-05 17:55:00'),(145,199,'2015-05-03 16:18:00'),(146,8,'2015-05-03 10:12:00'),(146,46,'2011-05-05 09:36:00'),(146,81,'2015-05-03 10:32:00'),(146,116,'2015-05-03 13:09:00'),(146,156,'2015-05-03 17:52:00'),(146,161,'2011-05-05 12:01:00'),(146,199,'2015-05-03 10:17:00'),(147,8,'2015-05-03 13:57:00'),(147,46,'2011-05-05 14:55:00'),(147,81,'2015-05-03 10:30:00'),(147,116,'2015-05-03 17:24:00'),(147,156,'2015-05-03 13:52:00'),(147,161,'2011-05-05 09:01:00'),(147,199,'2015-05-03 17:30:00'),(148,8,'2015-05-03 15:24:00'),(148,46,'2011-05-05 12:45:00'),(148,81,'2015-05-03 16:49:00'),(148,116,'2015-05-03 14:57:00'),(148,156,'2015-05-03 12:03:00'),(148,161,'2011-05-05 16:52:00'),(148,199,'2015-05-03 10:15:00'),(149,8,'2015-05-03 11:11:00'),(149,46,'2011-05-05 14:53:00'),(149,81,'2015-05-03 15:34:00'),(149,116,'2015-05-03 09:02:00'),(149,156,'2015-05-03 15:59:00'),(149,161,'2011-05-05 09:46:00'),(149,199,'2015-05-03 12:29:00'),(150,8,'2015-05-03 12:10:00'),(150,46,'2011-05-05 13:59:00'),(150,81,'2015-05-03 16:56:00'),(150,116,'2015-05-03 13:18:00'),(150,156,'2015-05-03 13:37:00'),(150,161,'2011-05-05 14:45:00'),(150,199,'2015-05-03 16:56:00'),(151,8,'2015-05-03 11:01:00'),(151,46,'2011-05-05 15:52:00'),(151,81,'2015-05-03 12:51:00'),(151,116,'2015-05-03 13:08:00'),(151,156,'2015-05-03 10:37:00'),(151,161,'2011-05-05 12:29:00'),(152,8,'2015-05-03 15:53:00'),(152,46,'2011-05-05 12:42:00'),(152,81,'2015-05-03 14:14:00'),(152,116,'2015-05-03 11:12:00'),(152,156,'2015-05-03 10:09:00'),(152,161,'2011-05-05 16:21:00'),(153,8,'2015-05-03 12:58:00'),(153,46,'2011-05-05 11:01:00'),(153,81,'2015-05-03 14:59:00'),(153,116,'2015-05-03 17:23:00'),(153,156,'2015-05-03 16:31:00'),(153,161,'2011-05-05 12:53:00'),(154,8,'2015-05-03 11:44:00'),(154,46,'2011-05-05 16:57:00'),(154,81,'2015-05-03 15:37:00'),(154,116,'2015-05-03 16:17:00'),(154,156,'2015-05-03 15:48:00'),(154,161,'2011-05-05 14:46:00'),(155,8,'2015-05-03 17:04:00'),(155,46,'2011-05-05 16:56:00'),(155,81,'2015-05-03 11:14:00'),(155,116,'2015-05-03 12:42:00'),(155,156,'2015-05-03 14:00:00'),(155,161,'2011-05-05 11:12:00'),(156,8,'2015-05-03 14:28:00'),(156,46,'2011-05-05 12:39:00'),(156,81,'2015-05-03 17:45:00'),(156,116,'2015-05-03 10:37:00'),(156,156,'2015-05-03 12:06:00'),(156,161,'2011-05-05 15:45:00'),(157,8,'2015-05-03 09:43:00'),(157,46,'2011-05-05 11:09:00'),(157,81,'2015-05-03 15:10:00'),(157,116,'2015-05-03 14:48:00'),(157,156,'2015-05-03 15:52:00'),(157,161,'2011-05-05 11:34:00'),(158,8,'2015-05-03 15:03:00'),(158,46,'2011-05-05 16:22:00'),(158,81,'2015-05-03 10:35:00'),(158,116,'2015-05-03 14:34:00'),(158,156,'2015-05-03 13:28:00'),(158,161,'2011-05-05 15:24:00'),(159,8,'2015-05-03 11:21:00'),(159,46,'2011-05-05 14:44:00'),(159,81,'2015-05-03 09:36:00'),(159,116,'2015-05-03 16:06:00'),(159,156,'2015-05-03 12:51:00'),(159,161,'2011-05-05 12:40:00'),(160,8,'2015-05-03 15:41:00'),(160,46,'2011-05-05 09:11:00'),(160,81,'2015-05-03 10:09:00'),(160,116,'2015-05-03 16:16:00'),(160,156,'2015-05-03 11:25:00'),(160,161,'2011-05-05 13:39:00'),(161,9,'2015-05-03 11:50:00'),(161,47,'2011-05-05 09:46:00'),(161,82,'2015-05-03 13:47:00'),(161,117,'2015-05-03 15:40:00'),(161,157,'2015-05-03 15:17:00'),(161,162,'2011-05-05 14:19:00'),(162,9,'2015-05-03 10:33:00'),(162,47,'2011-05-05 11:50:00'),(162,82,'2015-05-03 16:04:00'),(162,117,'2015-05-03 11:13:00'),(162,157,'2015-05-03 14:17:00'),(162,162,'2011-05-05 13:02:00'),(163,9,'2015-05-03 10:25:00'),(163,47,'2011-05-05 16:57:00'),(163,82,'2015-05-03 14:23:00'),(163,117,'2015-05-03 17:07:00'),(163,157,'2015-05-03 13:39:00'),(163,162,'2011-05-05 15:03:00'),(164,9,'2015-05-03 13:52:00'),(164,47,'2011-05-05 09:26:00'),(164,82,'2015-05-03 12:26:00'),(164,117,'2015-05-03 14:28:00'),(164,157,'2015-05-03 12:58:00'),(164,162,'2011-05-05 13:31:00'),(165,9,'2015-05-03 12:42:00'),(165,47,'2011-05-05 14:36:00'),(165,82,'2015-05-03 13:02:00'),(165,117,'2015-05-03 10:04:00'),(165,157,'2015-05-03 11:45:00'),(165,162,'2011-05-05 09:26:00'),(166,9,'2015-05-03 12:28:00'),(166,47,'2011-05-05 16:36:00'),(166,82,'2015-05-03 12:03:00'),(166,117,'2015-05-03 10:42:00'),(166,157,'2015-05-03 12:07:00'),(166,162,'2011-05-05 12:34:00'),(167,9,'2015-05-03 10:04:00'),(167,47,'2011-05-05 11:03:00'),(167,82,'2015-05-03 11:37:00'),(167,117,'2015-05-03 10:14:00'),(167,157,'2015-05-03 17:20:00'),(167,162,'2011-05-05 10:19:00'),(168,9,'2015-05-03 15:25:00'),(168,47,'2011-05-05 16:22:00'),(168,82,'2015-05-03 09:23:00'),(168,117,'2015-05-03 09:50:00'),(168,157,'2015-05-03 17:49:00'),(168,162,'2011-05-05 12:38:00'),(169,9,'2015-05-03 12:11:00'),(169,47,'2011-05-05 17:49:00'),(169,82,'2015-05-03 17:32:00'),(169,117,'2015-05-03 13:24:00'),(169,157,'2015-05-03 16:45:00'),(169,162,'2011-05-05 12:25:00'),(170,9,'2015-05-03 10:51:00'),(170,47,'2011-05-05 14:18:00'),(170,82,'2015-05-03 12:51:00'),(170,117,'2015-05-03 13:50:00'),(170,157,'2015-05-03 16:47:00'),(170,162,'2011-05-05 15:21:00'),(171,9,'2015-05-03 09:03:00'),(171,47,'2011-05-05 17:09:00'),(171,82,'2015-05-03 16:39:00'),(171,117,'2015-05-03 11:26:00'),(171,157,'2015-05-03 10:00:00'),(171,162,'2011-05-05 13:18:00'),(172,9,'2015-05-03 11:15:00'),(172,47,'2011-05-05 12:51:00'),(172,82,'2015-05-03 12:58:00'),(172,117,'2015-05-03 15:55:00'),(172,157,'2015-05-03 16:08:00'),(172,162,'2011-05-05 09:07:00'),(173,9,'2015-05-03 14:38:00'),(173,47,'2011-05-05 12:04:00'),(173,82,'2015-05-03 10:01:00'),(173,117,'2015-05-03 12:54:00'),(173,157,'2015-05-03 13:28:00'),(173,162,'2011-05-05 17:51:00'),(174,9,'2015-05-03 09:18:00'),(174,47,'2011-05-05 16:31:00'),(174,82,'2015-05-03 15:48:00'),(174,117,'2015-05-03 16:13:00'),(174,157,'2015-05-03 14:32:00'),(174,162,'2011-05-05 12:15:00'),(175,9,'2015-05-03 17:43:00'),(175,47,'2011-05-05 09:16:00'),(175,82,'2015-05-03 17:50:00'),(175,117,'2015-05-03 11:59:00'),(175,157,'2015-05-03 13:24:00'),(175,162,'2011-05-05 11:40:00'),(176,9,'2015-05-03 11:05:00'),(176,47,'2011-05-05 14:27:00'),(176,82,'2015-05-03 11:41:00'),(176,117,'2015-05-03 16:33:00'),(176,157,'2015-05-03 14:36:00'),(176,162,'2011-05-05 12:53:00'),(177,9,'2015-05-03 10:55:00'),(177,47,'2011-05-05 15:28:00'),(177,82,'2015-05-03 11:01:00'),(177,117,'2015-05-03 15:48:00'),(177,157,'2015-05-03 10:42:00'),(177,162,'2011-05-05 13:48:00'),(178,9,'2015-05-03 11:48:00'),(178,47,'2011-05-05 11:32:00'),(178,82,'2015-05-03 16:11:00'),(178,117,'2015-05-03 17:04:00'),(178,157,'2015-05-03 14:05:00'),(178,162,'2011-05-05 14:54:00'),(179,9,'2015-05-03 09:08:00'),(179,47,'2011-05-05 16:32:00'),(179,82,'2015-05-03 13:22:00'),(179,117,'2015-05-03 12:48:00'),(179,157,'2015-05-03 12:25:00'),(179,162,'2011-05-05 13:35:00'),(180,9,'2015-05-03 09:41:00'),(180,47,'2011-05-05 16:20:00'),(180,82,'2015-05-03 15:55:00'),(180,117,'2015-05-03 13:27:00'),(180,157,'2015-05-03 12:12:00'),(180,162,'2011-05-05 10:55:00'),(181,10,'2015-05-03 09:14:00'),(181,48,'2011-05-05 16:12:00'),(181,83,'2015-05-03 14:51:00'),(181,118,'2015-05-03 16:42:00'),(181,158,'2015-05-03 10:08:00'),(181,163,'2011-05-05 17:09:00'),(182,10,'2015-05-03 12:38:00'),(182,48,'2011-05-05 17:44:00'),(182,83,'2015-05-03 10:42:00'),(182,118,'2015-05-03 10:04:00'),(182,158,'2015-05-03 10:40:00'),(182,163,'2011-05-05 17:00:00'),(183,10,'2015-05-03 15:23:00'),(183,48,'2011-05-05 14:06:00'),(183,83,'2015-05-03 17:58:00'),(183,118,'2015-05-03 09:13:00'),(183,158,'2015-05-03 17:36:00'),(183,163,'2011-05-05 15:15:00'),(184,10,'2015-05-03 10:22:00'),(184,48,'2011-05-05 17:18:00'),(184,83,'2015-05-03 13:27:00'),(184,118,'2015-05-03 16:18:00'),(184,158,'2015-05-03 12:02:00'),(184,163,'2011-05-05 09:50:00'),(185,10,'2015-05-03 14:19:00'),(185,48,'2011-05-05 16:29:00'),(185,83,'2015-05-03 17:41:00'),(185,118,'2015-05-03 10:28:00'),(185,158,'2015-05-03 16:11:00'),(185,163,'2011-05-05 14:57:00'),(186,10,'2015-05-03 14:20:00'),(186,48,'2011-05-05 11:32:00'),(186,83,'2015-05-03 14:49:00'),(186,118,'2015-05-03 16:00:00'),(186,158,'2015-05-03 12:39:00'),(186,163,'2011-05-05 12:31:00'),(187,10,'2015-05-03 12:48:00'),(187,48,'2011-05-05 09:41:00'),(187,83,'2015-05-03 14:56:00'),(187,118,'2015-05-03 14:51:00'),(187,158,'2015-05-03 15:21:00'),(187,163,'2011-05-05 14:45:00'),(188,10,'2015-05-03 14:12:00'),(188,48,'2011-05-05 16:50:00'),(188,83,'2015-05-03 11:10:00'),(188,118,'2015-05-03 13:44:00'),(188,158,'2015-05-03 15:15:00'),(188,163,'2011-05-05 11:58:00'),(189,10,'2015-05-03 14:15:00'),(189,48,'2011-05-05 13:41:00'),(189,83,'2015-05-03 14:36:00'),(189,118,'2015-05-03 14:52:00'),(189,158,'2015-05-03 10:52:00'),(189,163,'2011-05-05 11:01:00'),(190,10,'2015-05-03 10:14:00'),(190,48,'2011-05-05 17:36:00'),(190,83,'2015-05-03 14:45:00'),(190,118,'2015-05-03 11:11:00'),(190,158,'2015-05-03 17:27:00'),(190,163,'2011-05-05 11:55:00'),(191,10,'2015-05-03 11:36:00'),(191,48,'2011-05-05 15:52:00'),(191,83,'2015-05-03 16:22:00'),(191,118,'2015-05-03 15:26:00'),(191,158,'2015-05-03 10:47:00'),(191,163,'2011-05-05 10:39:00'),(192,10,'2015-05-03 14:30:00'),(192,48,'2011-05-05 09:17:00'),(192,83,'2015-05-03 09:05:00'),(192,118,'2015-05-03 11:37:00'),(192,158,'2015-05-03 16:08:00'),(192,163,'2011-05-05 10:56:00'),(193,10,'2015-05-03 13:46:00'),(193,48,'2011-05-05 10:09:00'),(193,83,'2015-05-03 09:09:00'),(193,118,'2015-05-03 11:00:00'),(193,158,'2015-05-03 10:39:00'),(193,163,'2011-05-05 11:27:00'),(194,10,'2015-05-03 13:30:00'),(194,48,'2011-05-05 10:49:00'),(194,83,'2015-05-03 12:14:00'),(194,118,'2015-05-03 15:05:00'),(194,158,'2015-05-03 11:47:00'),(194,163,'2011-05-05 13:57:00'),(195,10,'2015-05-03 10:51:00'),(195,48,'2011-05-05 10:48:00'),(195,83,'2015-05-03 15:10:00'),(195,118,'2015-05-03 15:20:00'),(195,158,'2015-05-03 15:37:00'),(195,163,'2011-05-05 12:53:00'),(196,10,'2015-05-03 16:26:00'),(196,48,'2011-05-05 13:27:00'),(196,83,'2015-05-03 12:36:00'),(196,118,'2015-05-03 14:19:00'),(196,158,'2015-05-03 17:29:00'),(196,163,'2011-05-05 10:14:00'),(197,10,'2015-05-03 14:12:00'),(197,48,'2011-05-05 11:20:00'),(197,83,'2015-05-03 17:41:00'),(197,118,'2015-05-03 09:14:00'),(197,158,'2015-05-03 09:12:00'),(197,163,'2011-05-05 13:45:00'),(198,10,'2015-05-03 11:30:00'),(198,48,'2011-05-05 09:23:00'),(198,83,'2015-05-03 13:57:00'),(198,118,'2015-05-03 17:54:00'),(198,158,'2015-05-03 13:33:00'),(198,163,'2011-05-05 17:05:00'),(199,10,'2015-05-03 13:19:00'),(199,48,'2011-05-05 13:38:00'),(199,83,'2015-05-03 09:08:00'),(199,118,'2015-05-03 12:04:00'),(199,158,'2015-05-03 12:27:00'),(199,163,'2011-05-05 10:30:00'),(200,10,'2015-05-03 14:46:00'),(200,48,'2011-05-05 09:42:00'),(200,83,'2015-05-03 11:17:00'),(200,118,'2015-05-03 11:45:00'),(200,158,'2015-05-03 10:48:00'),(200,163,'2011-05-05 09:09:00'),(201,11,'2015-05-03 12:53:00'),(201,49,'2011-05-05 16:58:00'),(201,84,'2015-05-03 17:20:00'),(201,119,'2015-05-03 14:04:00'),(201,164,'2015-05-03 09:01:00'),(201,172,'2011-05-05 11:02:00'),(201,191,'2015-05-03 11:20:00'),(201,194,'2011-05-05 14:31:00'),(202,11,'2015-05-03 11:53:00'),(202,49,'2011-05-05 16:31:00'),(202,84,'2015-05-03 10:50:00'),(202,119,'2015-05-03 10:32:00'),(202,164,'2015-05-03 13:25:00'),(202,172,'2011-05-05 14:20:00'),(202,191,'2015-05-03 09:46:00'),(202,194,'2011-05-05 10:33:00'),(203,11,'2015-05-03 12:21:00'),(203,49,'2011-05-05 15:02:00'),(203,84,'2015-05-03 09:12:00'),(203,119,'2015-05-03 11:47:00'),(203,164,'2015-05-03 10:00:00'),(203,172,'2011-05-05 13:01:00'),(203,191,'2015-05-03 14:04:00'),(203,194,'2011-05-05 09:24:00'),(204,11,'2015-05-03 17:44:00'),(204,49,'2011-05-05 10:22:00'),(204,84,'2015-05-03 14:11:00'),(204,119,'2015-05-03 09:41:00'),(204,164,'2015-05-03 16:41:00'),(204,172,'2011-05-05 09:00:00'),(204,191,'2015-05-03 12:15:00'),(204,194,'2011-05-05 10:23:00'),(205,11,'2015-05-03 11:36:00'),(205,49,'2011-05-05 16:10:00'),(205,84,'2015-05-03 11:08:00'),(205,119,'2015-05-03 10:55:00'),(205,164,'2015-05-03 17:48:00'),(205,172,'2011-05-05 13:02:00'),(205,191,'2015-05-03 14:34:00'),(205,194,'2011-05-05 09:29:00'),(206,11,'2015-05-03 12:35:00'),(206,49,'2011-05-05 12:12:00'),(206,84,'2015-05-03 14:01:00'),(206,119,'2015-05-03 15:28:00'),(206,164,'2015-05-03 09:00:00'),(206,172,'2011-05-05 12:40:00'),(206,191,'2015-05-03 10:31:00'),(206,194,'2011-05-05 13:14:00'),(207,11,'2015-05-03 14:42:00'),(207,49,'2011-05-05 10:45:00'),(207,84,'2015-05-03 12:29:00'),(207,119,'2015-05-03 14:11:00'),(207,164,'2015-05-03 11:13:00'),(207,172,'2011-05-05 13:21:00'),(207,191,'2015-05-03 13:33:00'),(207,194,'2011-05-05 17:18:00'),(208,11,'2015-05-03 17:05:00'),(208,49,'2011-05-05 15:20:00'),(208,84,'2015-05-03 10:50:00'),(208,119,'2015-05-03 15:33:00'),(208,164,'2015-05-03 09:47:00'),(208,172,'2011-05-05 09:25:00'),(208,191,'2015-05-03 17:36:00'),(208,194,'2011-05-05 15:11:00'),(209,11,'2015-05-03 14:34:00'),(209,49,'2011-05-05 13:58:00'),(209,84,'2015-05-03 11:03:00'),(209,119,'2015-05-03 09:10:00'),(209,164,'2015-05-03 16:36:00'),(209,172,'2011-05-05 09:29:00'),(209,191,'2015-05-03 10:14:00'),(209,194,'2011-05-05 12:28:00'),(210,11,'2015-05-03 15:01:00'),(210,49,'2011-05-05 17:49:00'),(210,84,'2015-05-03 10:30:00'),(210,119,'2015-05-03 12:00:00'),(210,164,'2015-05-03 09:36:00'),(210,172,'2011-05-05 13:06:00'),(210,191,'2015-05-03 15:00:00'),(210,194,'2011-05-05 13:25:00'),(211,11,'2015-05-03 11:41:00'),(211,49,'2011-05-05 13:45:00'),(211,84,'2015-05-03 17:45:00'),(211,119,'2015-05-03 14:34:00'),(211,164,'2015-05-03 16:49:00'),(211,172,'2011-05-05 15:30:00'),(211,191,'2015-05-03 14:09:00'),(211,194,'2011-05-05 10:58:00'),(212,11,'2015-05-03 17:44:00'),(212,49,'2011-05-05 12:32:00'),(212,84,'2015-05-03 16:42:00'),(212,119,'2015-05-03 14:31:00'),(212,164,'2015-05-03 16:03:00'),(212,172,'2011-05-05 12:26:00'),(212,191,'2015-05-03 11:08:00'),(212,194,'2011-05-05 12:34:00'),(213,11,'2015-05-03 14:36:00'),(213,49,'2011-05-05 09:08:00'),(213,84,'2015-05-03 15:20:00'),(213,119,'2015-05-03 10:11:00'),(213,164,'2015-05-03 15:30:00'),(213,172,'2011-05-05 14:16:00'),(213,191,'2015-05-03 14:10:00'),(213,194,'2011-05-05 17:16:00'),(214,11,'2015-05-03 17:24:00'),(214,49,'2011-05-05 10:57:00'),(214,84,'2015-05-03 09:47:00'),(214,119,'2015-05-03 17:59:00'),(214,164,'2015-05-03 10:33:00'),(214,172,'2011-05-05 14:18:00'),(214,191,'2015-05-03 12:44:00'),(214,194,'2011-05-05 13:00:00'),(215,11,'2015-05-03 15:28:00'),(215,49,'2011-05-05 15:57:00'),(215,84,'2015-05-03 11:36:00'),(215,119,'2015-05-03 10:46:00'),(215,164,'2015-05-03 10:49:00'),(215,172,'2011-05-05 17:48:00'),(215,191,'2015-05-03 16:07:00'),(215,194,'2011-05-05 12:56:00'),(216,11,'2015-05-03 12:26:00'),(216,49,'2011-05-05 17:49:00'),(216,84,'2015-05-03 16:17:00'),(216,119,'2015-05-03 13:01:00'),(216,164,'2015-05-03 17:22:00'),(216,172,'2011-05-05 13:02:00'),(216,191,'2015-05-03 12:26:00'),(216,194,'2011-05-05 15:29:00'),(217,11,'2015-05-03 12:05:00'),(217,49,'2011-05-05 09:33:00'),(217,84,'2015-05-03 17:16:00'),(217,119,'2015-05-03 10:43:00'),(217,164,'2015-05-03 16:17:00'),(217,172,'2011-05-05 13:55:00'),(217,191,'2015-05-03 12:38:00'),(217,194,'2011-05-05 11:44:00'),(218,11,'2015-05-03 12:58:00'),(218,49,'2011-05-05 17:17:00'),(218,84,'2015-05-03 11:09:00'),(218,119,'2015-05-03 11:42:00'),(218,164,'2015-05-03 11:39:00'),(218,172,'2011-05-05 10:02:00'),(218,191,'2015-05-03 14:21:00'),(218,194,'2011-05-05 17:22:00'),(219,11,'2015-05-03 14:57:00'),(219,49,'2011-05-05 09:36:00'),(219,84,'2015-05-03 13:41:00'),(219,119,'2015-05-03 15:45:00'),(219,164,'2015-05-03 10:34:00'),(219,172,'2011-05-05 10:07:00'),(219,191,'2015-05-03 09:59:00'),(219,194,'2011-05-05 12:00:00'),(220,11,'2015-05-03 13:14:00'),(220,49,'2011-05-05 15:31:00'),(220,84,'2015-05-03 14:10:00'),(220,119,'2015-05-03 14:45:00'),(220,164,'2015-05-03 16:39:00'),(220,172,'2011-05-05 17:35:00'),(220,191,'2015-05-03 16:10:00'),(220,194,'2011-05-05 15:59:00'),(221,12,'2015-05-03 15:08:00'),(221,50,'2011-05-05 09:48:00'),(221,85,'2015-05-03 11:32:00'),(221,120,'2015-05-03 16:53:00'),(221,165,'2015-05-03 17:00:00'),(221,173,'2011-05-05 10:17:00'),(221,192,'2015-05-03 10:49:00'),(221,195,'2011-05-05 15:38:00'),(222,12,'2015-05-03 12:37:00'),(222,50,'2011-05-05 13:48:00'),(222,85,'2015-05-03 11:31:00'),(222,120,'2015-05-03 13:13:00'),(222,165,'2015-05-03 12:43:00'),(222,173,'2011-05-05 15:06:00'),(222,192,'2015-05-03 15:53:00'),(222,195,'2011-05-05 16:50:00'),(223,12,'2015-05-03 09:37:00'),(223,50,'2011-05-05 13:24:00'),(223,85,'2015-05-03 16:52:00'),(223,120,'2015-05-03 10:26:00'),(223,165,'2015-05-03 12:45:00'),(223,173,'2011-05-05 15:33:00'),(223,192,'2015-05-03 14:43:00'),(223,195,'2011-05-05 10:58:00'),(224,12,'2015-05-03 11:09:00'),(224,50,'2011-05-05 16:26:00'),(224,85,'2015-05-03 10:25:00'),(224,120,'2015-05-03 10:10:00'),(224,165,'2015-05-03 13:13:00'),(224,173,'2011-05-05 15:58:00'),(224,192,'2015-05-03 12:45:00'),(224,195,'2011-05-05 13:47:00'),(225,12,'2015-05-03 09:06:00'),(225,50,'2011-05-05 16:29:00'),(225,85,'2015-05-03 09:59:00'),(225,120,'2015-05-03 11:09:00'),(225,165,'2015-05-03 14:11:00'),(225,173,'2011-05-05 16:47:00'),(225,192,'2015-05-03 11:41:00'),(225,195,'2011-05-05 12:46:00'),(226,12,'2015-05-03 11:47:00'),(226,50,'2011-05-05 14:06:00'),(226,85,'2015-05-03 10:56:00'),(226,120,'2015-05-03 12:48:00'),(226,165,'2015-05-03 13:32:00'),(226,173,'2011-05-05 10:36:00'),(226,192,'2015-05-03 14:05:00'),(226,195,'2011-05-05 17:18:00'),(227,12,'2015-05-03 13:27:00'),(227,50,'2011-05-05 14:29:00'),(227,85,'2015-05-03 11:33:00'),(227,120,'2015-05-03 13:06:00'),(227,165,'2015-05-03 10:09:00'),(227,173,'2011-05-05 12:32:00'),(227,192,'2015-05-03 13:09:00'),(227,195,'2011-05-05 13:05:00'),(228,12,'2015-05-03 15:41:00'),(228,50,'2011-05-05 14:45:00'),(228,85,'2015-05-03 15:07:00'),(228,120,'2015-05-03 12:14:00'),(228,165,'2015-05-03 10:56:00'),(228,173,'2011-05-05 13:13:00'),(228,192,'2015-05-03 15:45:00'),(228,195,'2011-05-05 11:58:00'),(229,12,'2015-05-03 09:11:00'),(229,50,'2011-05-05 10:10:00'),(229,85,'2015-05-03 17:36:00'),(229,120,'2015-05-03 11:19:00'),(229,165,'2015-05-03 13:01:00'),(229,173,'2011-05-05 12:49:00'),(229,192,'2015-05-03 14:28:00'),(229,195,'2011-05-05 10:18:00'),(230,12,'2015-05-03 13:28:00'),(230,50,'2011-05-05 16:27:00'),(230,85,'2015-05-03 17:15:00'),(230,120,'2015-05-03 17:25:00'),(230,165,'2015-05-03 15:49:00'),(230,173,'2011-05-05 13:11:00'),(230,192,'2015-05-03 17:43:00'),(230,195,'2011-05-05 14:43:00'),(231,12,'2015-05-03 09:35:00'),(231,50,'2011-05-05 12:14:00'),(231,85,'2015-05-03 12:19:00'),(231,120,'2015-05-03 10:33:00'),(231,165,'2015-05-03 16:24:00'),(231,173,'2011-05-05 16:59:00'),(231,192,'2015-05-03 12:20:00'),(231,195,'2011-05-05 15:31:00'),(232,12,'2015-05-03 10:23:00'),(232,50,'2011-05-05 09:59:00'),(232,85,'2015-05-03 16:04:00'),(232,120,'2015-05-03 10:55:00'),(232,165,'2015-05-03 15:15:00'),(232,173,'2011-05-05 15:01:00'),(232,192,'2015-05-03 15:18:00'),(232,195,'2011-05-05 11:35:00'),(233,12,'2015-05-03 15:38:00'),(233,50,'2011-05-05 17:06:00'),(233,85,'2015-05-03 09:58:00'),(233,120,'2015-05-03 10:24:00'),(233,165,'2015-05-03 15:59:00'),(233,173,'2011-05-05 17:13:00'),(233,192,'2015-05-03 14:47:00'),(233,195,'2011-05-05 10:38:00'),(234,12,'2015-05-03 16:38:00'),(234,50,'2011-05-05 14:00:00'),(234,85,'2015-05-03 12:51:00'),(234,120,'2015-05-03 09:09:00'),(234,165,'2015-05-03 13:29:00'),(234,173,'2011-05-05 11:29:00'),(234,192,'2015-05-03 10:49:00'),(234,195,'2011-05-05 14:10:00'),(235,12,'2015-05-03 17:59:00'),(235,50,'2011-05-05 09:45:00'),(235,85,'2015-05-03 11:09:00'),(235,120,'2015-05-03 15:19:00'),(235,165,'2015-05-03 15:53:00'),(235,173,'2011-05-05 13:27:00'),(235,192,'2015-05-03 13:02:00'),(235,195,'2011-05-05 17:36:00'),(236,12,'2015-05-03 13:17:00'),(236,50,'2011-05-05 15:23:00'),(236,85,'2015-05-03 17:56:00'),(236,120,'2015-05-03 16:46:00'),(236,165,'2015-05-03 12:25:00'),(236,173,'2011-05-05 14:16:00'),(236,192,'2015-05-03 14:09:00'),(236,195,'2011-05-05 09:10:00'),(237,12,'2015-05-03 14:45:00'),(237,50,'2011-05-05 15:29:00'),(237,85,'2015-05-03 09:20:00'),(237,120,'2015-05-03 15:00:00'),(237,165,'2015-05-03 16:58:00'),(237,173,'2011-05-05 13:17:00'),(237,192,'2015-05-03 10:21:00'),(237,195,'2011-05-05 11:10:00'),(238,12,'2015-05-03 15:15:00'),(238,50,'2011-05-05 11:49:00'),(238,85,'2015-05-03 09:18:00'),(238,120,'2015-05-03 13:21:00'),(238,165,'2015-05-03 16:28:00'),(238,173,'2011-05-05 11:47:00'),(238,192,'2015-05-03 15:11:00'),(238,195,'2011-05-05 14:38:00'),(239,12,'2015-05-03 11:21:00'),(239,50,'2011-05-05 17:54:00'),(239,85,'2015-05-03 14:26:00'),(239,120,'2015-05-03 10:56:00'),(239,165,'2015-05-03 10:19:00'),(239,173,'2011-05-05 16:47:00'),(239,192,'2015-05-03 16:46:00'),(239,195,'2011-05-05 10:06:00'),(240,12,'2015-05-03 13:49:00'),(240,50,'2011-05-05 17:11:00'),(240,85,'2015-05-03 13:21:00'),(240,120,'2015-05-03 17:31:00'),(240,165,'2015-05-03 10:32:00'),(240,173,'2011-05-05 17:36:00'),(240,192,'2015-05-03 12:57:00'),(240,195,'2011-05-05 12:02:00'),(241,13,'2015-05-03 17:19:00'),(241,51,'2011-05-05 14:03:00'),(241,86,'2015-05-03 09:49:00'),(241,121,'2015-05-03 13:06:00'),(241,166,'2015-05-03 09:01:00'),(241,174,'2011-05-05 15:37:00'),(241,193,'2015-05-03 14:03:00'),(241,196,'2011-05-05 11:07:00'),(242,13,'2015-05-03 16:35:00'),(242,51,'2011-05-05 15:23:00'),(242,86,'2015-05-03 14:25:00'),(242,121,'2015-05-03 11:41:00'),(242,166,'2015-05-03 14:28:00'),(242,174,'2011-05-05 13:34:00'),(242,193,'2015-05-03 14:57:00'),(242,196,'2011-05-05 14:31:00'),(243,13,'2015-05-03 13:02:00'),(243,51,'2011-05-05 14:09:00'),(243,86,'2015-05-03 12:52:00'),(243,121,'2015-05-03 11:12:00'),(243,166,'2015-05-03 14:34:00'),(243,174,'2011-05-05 15:52:00'),(243,193,'2015-05-03 15:01:00'),(243,196,'2011-05-05 17:24:00'),(244,13,'2015-05-03 16:25:00'),(244,51,'2011-05-05 15:36:00'),(244,86,'2015-05-03 12:36:00'),(244,121,'2015-05-03 15:27:00'),(244,166,'2015-05-03 12:54:00'),(244,174,'2011-05-05 12:24:00'),(244,193,'2015-05-03 09:53:00'),(244,196,'2011-05-05 17:29:00'),(245,13,'2015-05-03 16:53:00'),(245,51,'2011-05-05 15:59:00'),(245,86,'2015-05-03 17:45:00'),(245,121,'2015-05-03 12:51:00'),(245,166,'2015-05-03 15:05:00'),(245,174,'2011-05-05 15:14:00'),(245,193,'2015-05-03 09:15:00'),(245,196,'2011-05-05 09:44:00'),(246,13,'2015-05-03 11:46:00'),(246,51,'2011-05-05 14:30:00'),(246,86,'2015-05-03 14:18:00'),(246,121,'2015-05-03 14:29:00'),(246,166,'2015-05-03 13:32:00'),(246,174,'2011-05-05 16:11:00'),(246,193,'2015-05-03 11:36:00'),(246,196,'2011-05-05 10:55:00'),(247,13,'2015-05-03 15:46:00'),(247,51,'2011-05-05 15:10:00'),(247,86,'2015-05-03 16:00:00'),(247,121,'2015-05-03 10:02:00'),(247,166,'2015-05-03 15:31:00'),(247,174,'2011-05-05 15:31:00'),(247,193,'2015-05-03 14:51:00'),(247,196,'2011-05-05 10:12:00'),(248,13,'2015-05-03 16:06:00'),(248,51,'2011-05-05 17:35:00'),(248,86,'2015-05-03 13:58:00'),(248,121,'2015-05-03 16:42:00'),(248,166,'2015-05-03 15:01:00'),(248,174,'2011-05-05 17:52:00'),(248,193,'2015-05-03 13:26:00'),(248,196,'2011-05-05 17:08:00'),(249,13,'2015-05-03 11:37:00'),(249,51,'2011-05-05 12:14:00'),(249,86,'2015-05-03 11:15:00'),(249,121,'2015-05-03 17:33:00'),(249,166,'2015-05-03 15:39:00'),(249,174,'2011-05-05 13:42:00'),(249,193,'2015-05-03 12:37:00'),(249,196,'2011-05-05 11:38:00'),(250,13,'2015-05-03 15:55:00'),(250,51,'2011-05-05 10:23:00'),(250,86,'2015-05-03 10:07:00'),(250,121,'2015-05-03 11:04:00'),(250,166,'2015-05-03 15:04:00'),(250,174,'2011-05-05 09:43:00'),(250,193,'2015-05-03 15:07:00'),(250,196,'2011-05-05 12:53:00'),(251,13,'2015-05-03 13:01:00'),(251,51,'2011-05-05 17:27:00'),(251,86,'2015-05-03 10:40:00'),(251,121,'2015-05-03 11:21:00'),(251,166,'2015-05-03 17:18:00'),(251,174,'2011-05-05 14:39:00'),(252,13,'2015-05-03 11:04:00'),(252,51,'2011-05-05 09:50:00'),(252,86,'2015-05-03 10:20:00'),(252,121,'2015-05-03 12:49:00'),(252,166,'2015-05-03 16:50:00'),(252,174,'2011-05-05 10:34:00'),(253,13,'2015-05-03 14:46:00'),(253,51,'2011-05-05 16:27:00'),(253,86,'2015-05-03 12:42:00'),(253,121,'2015-05-03 14:17:00'),(253,166,'2015-05-03 12:11:00'),(253,174,'2011-05-05 10:29:00'),(254,13,'2015-05-03 17:54:00'),(254,51,'2011-05-05 09:55:00'),(254,86,'2015-05-03 09:07:00'),(254,121,'2015-05-03 12:19:00'),(254,166,'2015-05-03 17:33:00'),(254,174,'2011-05-05 14:19:00'),(255,13,'2015-05-03 11:53:00'),(255,51,'2011-05-05 14:22:00'),(255,86,'2015-05-03 17:29:00'),(255,121,'2015-05-03 14:56:00'),(255,166,'2015-05-03 09:27:00'),(255,174,'2011-05-05 15:18:00'),(256,13,'2015-05-03 14:03:00'),(256,51,'2011-05-05 15:19:00'),(256,86,'2015-05-03 16:28:00'),(256,121,'2015-05-03 10:23:00'),(256,166,'2015-05-03 15:47:00'),(256,174,'2011-05-05 11:58:00'),(257,13,'2015-05-03 11:35:00'),(257,51,'2011-05-05 15:02:00'),(257,86,'2015-05-03 17:59:00'),(257,121,'2015-05-03 17:00:00'),(257,166,'2015-05-03 15:29:00'),(257,174,'2011-05-05 13:36:00'),(258,13,'2015-05-03 14:20:00'),(258,51,'2011-05-05 14:30:00'),(258,86,'2015-05-03 15:25:00'),(258,121,'2015-05-03 12:42:00'),(258,166,'2015-05-03 10:49:00'),(258,174,'2011-05-05 10:23:00'),(259,13,'2015-05-03 16:33:00'),(259,51,'2011-05-05 09:06:00'),(259,86,'2015-05-03 09:07:00'),(259,121,'2015-05-03 14:32:00'),(259,166,'2015-05-03 12:21:00'),(259,174,'2011-05-05 11:29:00'),(260,13,'2015-05-03 12:58:00'),(260,51,'2011-05-05 12:50:00'),(260,86,'2015-05-03 10:51:00'),(260,121,'2015-05-03 17:54:00'),(260,166,'2015-05-03 14:28:00'),(260,174,'2011-05-05 13:28:00'),(261,14,'2015-05-03 15:45:00'),(261,52,'2011-05-05 15:23:00'),(261,87,'2015-05-03 17:34:00'),(261,122,'2015-05-03 14:37:00'),(261,167,'2015-05-03 16:28:00'),(261,175,'2011-05-05 10:49:00'),(262,14,'2015-05-03 13:58:00'),(262,52,'2011-05-05 14:11:00'),(262,87,'2015-05-03 13:40:00'),(262,122,'2015-05-03 12:38:00'),(262,167,'2015-05-03 10:32:00'),(262,175,'2011-05-05 12:09:00'),(263,14,'2015-05-03 16:46:00'),(263,52,'2011-05-05 14:33:00'),(263,87,'2015-05-03 15:32:00'),(263,122,'2015-05-03 09:22:00'),(263,167,'2015-05-03 15:32:00'),(263,175,'2011-05-05 10:26:00'),(264,14,'2015-05-03 13:54:00'),(264,52,'2011-05-05 16:43:00'),(264,87,'2015-05-03 10:25:00'),(264,122,'2015-05-03 09:51:00'),(264,167,'2015-05-03 15:38:00'),(264,175,'2011-05-05 14:07:00'),(265,14,'2015-05-03 15:21:00'),(265,52,'2011-05-05 16:59:00'),(265,87,'2015-05-03 11:16:00'),(265,122,'2015-05-03 13:52:00'),(265,167,'2015-05-03 13:54:00'),(265,175,'2011-05-05 11:24:00'),(266,14,'2015-05-03 11:23:00'),(266,52,'2011-05-05 16:33:00'),(266,87,'2015-05-03 13:01:00'),(266,122,'2015-05-03 17:48:00'),(266,167,'2015-05-03 16:10:00'),(266,175,'2011-05-05 16:55:00'),(267,14,'2015-05-03 15:07:00'),(267,52,'2011-05-05 13:32:00'),(267,87,'2015-05-03 12:01:00'),(267,122,'2015-05-03 11:23:00'),(267,167,'2015-05-03 12:07:00'),(267,175,'2011-05-05 09:10:00'),(268,14,'2015-05-03 13:35:00'),(268,52,'2011-05-05 17:05:00'),(268,87,'2015-05-03 11:36:00'),(268,122,'2015-05-03 15:30:00'),(268,167,'2015-05-03 11:00:00'),(268,175,'2011-05-05 10:21:00'),(269,14,'2015-05-03 17:54:00'),(269,52,'2011-05-05 11:33:00'),(269,87,'2015-05-03 11:54:00'),(269,122,'2015-05-03 15:27:00'),(269,167,'2015-05-03 13:03:00'),(269,175,'2011-05-05 14:30:00'),(270,14,'2015-05-03 14:20:00'),(270,52,'2011-05-05 17:14:00'),(270,87,'2015-05-03 10:11:00'),(270,122,'2015-05-03 09:03:00'),(270,167,'2015-05-03 15:03:00'),(270,175,'2011-05-05 09:37:00'),(271,14,'2015-05-03 12:39:00'),(271,52,'2011-05-05 14:35:00'),(271,87,'2015-05-03 10:25:00'),(271,122,'2015-05-03 09:02:00'),(271,167,'2015-05-03 13:15:00'),(271,175,'2011-05-05 09:54:00'),(272,14,'2015-05-03 11:17:00'),(272,52,'2011-05-05 12:33:00'),(272,87,'2015-05-03 09:03:00'),(272,122,'2015-05-03 09:57:00'),(272,167,'2015-05-03 11:00:00'),(272,175,'2011-05-05 11:17:00'),(273,14,'2015-05-03 10:07:00'),(273,52,'2011-05-05 15:07:00'),(273,87,'2015-05-03 14:32:00'),(273,122,'2015-05-03 12:45:00'),(273,167,'2015-05-03 10:27:00'),(273,175,'2011-05-05 15:29:00'),(274,14,'2015-05-03 10:45:00'),(274,52,'2011-05-05 12:23:00'),(274,87,'2015-05-03 13:49:00'),(274,122,'2015-05-03 09:44:00'),(274,167,'2015-05-03 12:59:00'),(274,175,'2011-05-05 13:31:00'),(275,14,'2015-05-03 09:14:00'),(275,52,'2011-05-05 16:43:00'),(275,87,'2015-05-03 14:13:00'),(275,122,'2015-05-03 14:34:00'),(275,167,'2015-05-03 16:46:00'),(275,175,'2011-05-05 10:36:00'),(276,14,'2015-05-03 12:43:00'),(276,52,'2011-05-05 12:28:00'),(276,87,'2015-05-03 11:20:00'),(276,122,'2015-05-03 13:12:00'),(276,167,'2015-05-03 11:26:00'),(276,175,'2011-05-05 09:57:00'),(277,14,'2015-05-03 14:17:00'),(277,52,'2011-05-05 15:14:00'),(277,87,'2015-05-03 14:06:00'),(277,122,'2015-05-03 11:14:00'),(277,167,'2015-05-03 14:17:00'),(277,175,'2011-05-05 09:22:00'),(278,14,'2015-05-03 17:55:00'),(278,52,'2011-05-05 17:20:00'),(278,87,'2015-05-03 12:44:00'),(278,122,'2015-05-03 11:54:00'),(278,167,'2015-05-03 13:13:00'),(278,175,'2011-05-05 16:41:00'),(279,14,'2015-05-03 12:14:00'),(279,52,'2011-05-05 15:22:00'),(279,87,'2015-05-03 10:54:00'),(279,122,'2015-05-03 17:01:00'),(279,167,'2015-05-03 10:20:00'),(279,175,'2011-05-05 09:35:00'),(280,14,'2015-05-03 13:53:00'),(280,52,'2011-05-05 11:03:00'),(280,87,'2015-05-03 16:46:00'),(280,122,'2015-05-03 17:48:00'),(280,167,'2015-05-03 15:49:00'),(280,175,'2011-05-05 12:49:00'),(281,15,'2015-05-03 12:21:00'),(281,53,'2011-05-05 17:18:00'),(281,88,'2015-05-03 12:39:00'),(281,123,'2015-05-03 15:00:00'),(281,168,'2015-05-03 13:14:00'),(281,176,'2011-05-05 14:55:00'),(282,15,'2015-05-03 10:47:00'),(282,53,'2011-05-05 12:30:00'),(282,88,'2015-05-03 10:47:00'),(282,123,'2015-05-03 14:46:00'),(282,168,'2015-05-03 12:07:00'),(282,176,'2011-05-05 15:14:00'),(283,15,'2015-05-03 15:11:00'),(283,53,'2011-05-05 17:02:00'),(283,88,'2015-05-03 15:38:00'),(283,123,'2015-05-03 16:36:00'),(283,168,'2015-05-03 09:46:00'),(283,176,'2011-05-05 17:43:00'),(284,15,'2015-05-03 12:59:00'),(284,53,'2011-05-05 09:24:00'),(284,88,'2015-05-03 12:32:00'),(284,123,'2015-05-03 13:03:00'),(284,168,'2015-05-03 15:27:00'),(284,176,'2011-05-05 13:43:00'),(285,15,'2015-05-03 15:10:00'),(285,53,'2011-05-05 14:06:00'),(285,88,'2015-05-03 14:37:00'),(285,123,'2015-05-03 14:49:00'),(285,168,'2015-05-03 12:02:00'),(285,176,'2011-05-05 15:05:00'),(286,15,'2015-05-03 14:31:00'),(286,53,'2011-05-05 13:30:00'),(286,88,'2015-05-03 12:07:00'),(286,123,'2015-05-03 10:16:00'),(286,168,'2015-05-03 17:40:00'),(286,176,'2011-05-05 13:22:00'),(287,15,'2015-05-03 13:10:00'),(287,53,'2011-05-05 11:37:00'),(287,88,'2015-05-03 15:08:00'),(287,123,'2015-05-03 17:27:00'),(287,168,'2015-05-03 14:13:00'),(287,176,'2011-05-05 17:53:00'),(288,15,'2015-05-03 13:02:00'),(288,53,'2011-05-05 17:32:00'),(288,88,'2015-05-03 15:44:00'),(288,123,'2015-05-03 13:50:00'),(288,168,'2015-05-03 09:50:00'),(288,176,'2011-05-05 16:23:00'),(289,15,'2015-05-03 13:24:00'),(289,53,'2011-05-05 10:26:00'),(289,88,'2015-05-03 14:07:00'),(289,123,'2015-05-03 15:39:00'),(289,168,'2015-05-03 12:50:00'),(289,176,'2011-05-05 14:07:00'),(290,15,'2015-05-03 10:55:00'),(290,53,'2011-05-05 16:13:00'),(290,88,'2015-05-03 09:19:00'),(290,123,'2015-05-03 09:48:00'),(290,168,'2015-05-03 14:02:00'),(290,176,'2011-05-05 14:15:00'),(291,15,'2015-05-03 13:49:00'),(291,53,'2011-05-05 10:13:00'),(291,88,'2015-05-03 16:14:00'),(291,123,'2015-05-03 10:33:00'),(291,168,'2015-05-03 09:25:00'),(291,176,'2011-05-05 12:52:00'),(292,15,'2015-05-03 12:00:00'),(292,53,'2011-05-05 17:42:00'),(292,88,'2015-05-03 16:40:00'),(292,123,'2015-05-03 10:49:00'),(292,168,'2015-05-03 15:28:00'),(292,176,'2011-05-05 09:08:00'),(293,15,'2015-05-03 11:03:00'),(293,53,'2011-05-05 09:44:00'),(293,88,'2015-05-03 16:01:00'),(293,123,'2015-05-03 10:44:00'),(293,168,'2015-05-03 12:05:00'),(293,176,'2011-05-05 10:45:00'),(294,15,'2015-05-03 10:31:00'),(294,53,'2011-05-05 09:04:00'),(294,88,'2015-05-03 11:14:00'),(294,123,'2015-05-03 11:09:00'),(294,168,'2015-05-03 17:09:00'),(294,176,'2011-05-05 11:30:00'),(295,15,'2015-05-03 15:28:00'),(295,53,'2011-05-05 17:52:00'),(295,88,'2015-05-03 14:02:00'),(295,123,'2015-05-03 15:10:00'),(295,168,'2015-05-03 17:11:00'),(295,176,'2011-05-05 10:01:00'),(296,15,'2015-05-03 11:59:00'),(296,53,'2011-05-05 12:10:00'),(296,88,'2015-05-03 17:12:00'),(296,123,'2015-05-03 16:51:00'),(296,168,'2015-05-03 11:21:00'),(296,176,'2011-05-05 11:49:00'),(297,15,'2015-05-03 14:52:00'),(297,53,'2011-05-05 17:36:00'),(297,88,'2015-05-03 11:35:00'),(297,123,'2015-05-03 15:25:00'),(297,168,'2015-05-03 14:42:00'),(297,176,'2011-05-05 09:15:00'),(298,15,'2015-05-03 12:05:00'),(298,53,'2011-05-05 10:14:00'),(298,88,'2015-05-03 14:00:00'),(298,123,'2015-05-03 15:23:00'),(298,168,'2015-05-03 15:51:00'),(298,176,'2011-05-05 10:01:00'),(299,15,'2015-05-03 09:40:00'),(299,53,'2011-05-05 14:02:00'),(299,88,'2015-05-03 14:04:00'),(299,123,'2015-05-03 15:36:00'),(299,168,'2015-05-03 12:23:00'),(299,176,'2011-05-05 16:18:00'),(300,15,'2015-05-03 15:50:00'),(300,53,'2011-05-05 12:55:00'),(300,88,'2015-05-03 12:00:00'),(300,123,'2015-05-03 11:42:00'),(300,168,'2015-05-03 17:55:00'),(300,176,'2011-05-05 11:19:00'),(301,16,'2015-05-03 17:05:00'),(301,36,'2015-05-31 14:38:00'),(301,54,'2011-05-05 12:33:00'),(301,89,'2015-05-03 17:18:00'),(301,124,'2015-05-03 11:21:00'),(301,169,'2015-05-03 14:14:00'),(301,177,'2011-05-05 14:03:00'),(302,16,'2015-05-03 10:16:00'),(302,36,'2015-05-31 11:12:00'),(302,54,'2011-05-05 14:41:00'),(302,89,'2015-05-03 09:15:00'),(302,124,'2015-05-03 09:17:00'),(302,169,'2015-05-03 11:13:00'),(302,177,'2011-05-05 13:13:00'),(303,16,'2015-05-03 09:10:00'),(303,36,'2015-05-31 16:46:00'),(303,54,'2011-05-05 15:07:00'),(303,89,'2015-05-03 17:30:00'),(303,124,'2015-05-03 16:25:00'),(303,169,'2015-05-03 09:02:00'),(303,177,'2011-05-05 16:58:00'),(304,16,'2015-05-03 09:55:00'),(304,36,'2015-05-31 11:01:00'),(304,54,'2011-05-05 16:03:00'),(304,89,'2015-05-03 10:23:00'),(304,124,'2015-05-03 14:54:00'),(304,169,'2015-05-03 09:36:00'),(304,177,'2011-05-05 11:09:00'),(305,16,'2015-05-03 15:48:00'),(305,36,'2015-05-31 13:46:00'),(305,54,'2011-05-05 10:28:00'),(305,89,'2015-05-03 17:42:00'),(305,124,'2015-05-03 16:05:00'),(305,169,'2015-05-03 13:32:00'),(305,177,'2011-05-05 14:47:00'),(306,16,'2015-05-03 09:32:00'),(306,36,'2015-05-31 16:46:00'),(306,54,'2011-05-05 09:39:00'),(306,89,'2015-05-03 15:55:00'),(306,124,'2015-05-03 11:28:00'),(306,169,'2015-05-03 14:56:00'),(306,177,'2011-05-05 09:40:00'),(307,16,'2015-05-03 13:35:00'),(307,36,'2015-05-31 14:55:00'),(307,54,'2011-05-05 10:29:00'),(307,89,'2015-05-03 09:25:00'),(307,124,'2015-05-03 10:34:00'),(307,169,'2015-05-03 14:43:00'),(307,177,'2011-05-05 12:43:00'),(308,16,'2015-05-03 12:29:00'),(308,36,'2015-05-31 16:35:00'),(308,54,'2011-05-05 14:49:00'),(308,89,'2015-05-03 11:34:00'),(308,124,'2015-05-03 09:02:00'),(308,169,'2015-05-03 13:51:00'),(308,177,'2011-05-05 17:06:00'),(309,16,'2015-05-03 11:49:00'),(309,36,'2015-05-31 16:21:00'),(309,54,'2011-05-05 14:31:00'),(309,89,'2015-05-03 09:32:00'),(309,124,'2015-05-03 11:40:00'),(309,169,'2015-05-03 15:15:00'),(309,177,'2011-05-05 10:59:00'),(310,16,'2015-05-03 11:17:00'),(310,36,'2015-05-31 15:07:00'),(310,54,'2011-05-05 12:49:00'),(310,89,'2015-05-03 16:44:00'),(310,124,'2015-05-03 16:46:00'),(310,169,'2015-05-03 09:12:00'),(310,177,'2011-05-05 10:36:00'),(311,16,'2015-05-03 13:54:00'),(311,36,'2015-05-31 12:50:00'),(311,54,'2011-05-05 09:38:00'),(311,89,'2015-05-03 12:13:00'),(311,124,'2015-05-03 17:01:00'),(311,169,'2015-05-03 11:52:00'),(311,177,'2011-05-05 16:27:00'),(312,16,'2015-05-03 16:00:00'),(312,36,'2015-05-31 16:34:00'),(312,54,'2011-05-05 09:40:00'),(312,89,'2015-05-03 17:42:00'),(312,124,'2015-05-03 11:30:00'),(312,169,'2015-05-03 12:54:00'),(312,177,'2011-05-05 10:25:00'),(313,16,'2015-05-03 10:10:00'),(313,36,'2015-05-31 10:49:00'),(313,54,'2011-05-05 13:05:00'),(313,89,'2015-05-03 16:06:00'),(313,124,'2015-05-03 12:45:00'),(313,169,'2015-05-03 14:28:00'),(313,177,'2011-05-05 09:42:00'),(314,16,'2015-05-03 16:25:00'),(314,36,'2015-05-31 13:27:00'),(314,54,'2011-05-05 13:45:00'),(314,89,'2015-05-03 15:37:00'),(314,124,'2015-05-03 10:14:00'),(314,169,'2015-05-03 11:02:00'),(314,177,'2011-05-05 10:48:00'),(315,16,'2015-05-03 09:57:00'),(315,36,'2015-05-31 10:10:00'),(315,54,'2011-05-05 16:50:00'),(315,89,'2015-05-03 10:27:00'),(315,124,'2015-05-03 16:56:00'),(315,169,'2015-05-03 13:54:00'),(315,177,'2011-05-05 09:27:00'),(316,16,'2015-05-03 16:13:00'),(316,36,'2015-05-31 16:41:00'),(316,54,'2011-05-05 13:35:00'),(316,89,'2015-05-03 13:07:00'),(316,124,'2015-05-03 12:27:00'),(316,169,'2015-05-03 09:38:00'),(316,177,'2011-05-05 09:52:00'),(317,16,'2015-05-03 14:08:00'),(317,36,'2015-05-31 16:26:00'),(317,54,'2011-05-05 17:36:00'),(317,89,'2015-05-03 17:23:00'),(317,124,'2015-05-03 10:20:00'),(317,169,'2015-05-03 15:02:00'),(317,177,'2011-05-05 11:26:00'),(318,16,'2015-05-03 15:24:00'),(318,36,'2015-05-31 16:53:00'),(318,54,'2011-05-05 16:22:00'),(318,89,'2015-05-03 14:40:00'),(318,124,'2015-05-03 15:15:00'),(318,169,'2015-05-03 16:22:00'),(318,177,'2011-05-05 17:59:00'),(319,16,'2015-05-03 12:01:00'),(319,36,'2015-05-31 09:48:00'),(319,54,'2011-05-05 14:24:00'),(319,89,'2015-05-03 15:47:00'),(319,124,'2015-05-03 16:50:00'),(319,169,'2015-05-03 16:12:00'),(319,177,'2011-05-05 17:11:00'),(320,16,'2015-05-03 12:17:00'),(320,36,'2015-05-31 16:54:00'),(320,54,'2011-05-05 11:01:00'),(320,89,'2015-05-03 16:34:00'),(320,124,'2015-05-03 09:38:00'),(320,169,'2015-05-03 12:50:00'),(320,177,'2011-05-05 10:43:00'),(321,17,'2015-05-03 17:16:00'),(321,37,'2015-05-31 15:02:00'),(321,55,'2011-05-05 12:02:00'),(321,90,'2015-05-03 14:49:00'),(321,125,'2015-05-03 11:32:00'),(321,170,'2015-05-03 17:37:00'),(321,178,'2011-05-05 15:43:00'),(322,17,'2015-05-03 10:53:00'),(322,37,'2015-05-31 10:27:00'),(322,55,'2011-05-05 16:19:00'),(322,90,'2015-05-03 15:29:00'),(322,125,'2015-05-03 11:36:00'),(322,170,'2015-05-03 17:00:00'),(322,178,'2011-05-05 11:48:00'),(323,17,'2015-05-03 16:37:00'),(323,37,'2015-05-31 09:51:00'),(323,55,'2011-05-05 15:24:00'),(323,90,'2015-05-03 10:38:00'),(323,125,'2015-05-03 17:44:00'),(323,170,'2015-05-03 09:07:00'),(323,178,'2011-05-05 13:37:00'),(324,17,'2015-05-03 13:29:00'),(324,37,'2015-05-31 17:07:00'),(324,55,'2011-05-05 16:51:00'),(324,90,'2015-05-03 15:24:00'),(324,125,'2015-05-03 13:52:00'),(324,170,'2015-05-03 13:10:00'),(324,178,'2011-05-05 17:02:00'),(325,17,'2015-05-03 13:58:00'),(325,37,'2015-05-31 15:41:00'),(325,55,'2011-05-05 12:47:00'),(325,90,'2015-05-03 12:34:00'),(325,125,'2015-05-03 12:11:00'),(325,170,'2015-05-03 12:54:00'),(325,178,'2011-05-05 16:59:00'),(326,17,'2015-05-03 12:52:00'),(326,37,'2015-05-31 11:13:00'),(326,55,'2011-05-05 09:14:00'),(326,90,'2015-05-03 09:29:00'),(326,125,'2015-05-03 17:16:00'),(326,170,'2015-05-03 15:33:00'),(326,178,'2011-05-05 14:10:00'),(327,17,'2015-05-03 13:05:00'),(327,37,'2015-05-31 12:46:00'),(327,55,'2011-05-05 13:34:00'),(327,90,'2015-05-03 09:43:00'),(327,125,'2015-05-03 14:17:00'),(327,170,'2015-05-03 17:53:00'),(327,178,'2011-05-05 09:09:00'),(328,17,'2015-05-03 17:55:00'),(328,37,'2015-05-31 16:22:00'),(328,55,'2011-05-05 17:40:00'),(328,90,'2015-05-03 17:35:00'),(328,125,'2015-05-03 09:52:00'),(328,170,'2015-05-03 15:33:00'),(328,178,'2011-05-05 13:24:00'),(329,17,'2015-05-03 09:05:00'),(329,37,'2015-05-31 10:08:00'),(329,55,'2011-05-05 13:44:00'),(329,90,'2015-05-03 11:54:00'),(329,125,'2015-05-03 15:50:00'),(329,170,'2015-05-03 15:44:00'),(329,178,'2011-05-05 10:30:00'),(330,17,'2015-05-03 11:01:00'),(330,37,'2015-05-31 11:25:00'),(330,55,'2011-05-05 14:51:00'),(330,90,'2015-05-03 14:36:00'),(330,125,'2015-05-03 14:38:00'),(330,170,'2015-05-03 14:45:00'),(330,178,'2011-05-05 12:09:00'),(331,17,'2015-05-03 11:14:00'),(331,37,'2015-05-31 10:27:00'),(331,55,'2011-05-05 12:15:00'),(331,90,'2015-05-03 09:02:00'),(331,125,'2015-05-03 14:12:00'),(331,170,'2015-05-03 17:47:00'),(331,178,'2011-05-05 17:23:00'),(332,17,'2015-05-03 14:59:00'),(332,37,'2015-05-31 13:23:00'),(332,55,'2011-05-05 15:36:00'),(332,90,'2015-05-03 16:05:00'),(332,125,'2015-05-03 12:12:00'),(332,170,'2015-05-03 14:16:00'),(332,178,'2011-05-05 15:18:00'),(333,17,'2015-05-03 12:21:00'),(333,37,'2015-05-31 10:43:00'),(333,55,'2011-05-05 15:36:00'),(333,90,'2015-05-03 14:32:00'),(333,125,'2015-05-03 15:51:00'),(333,170,'2015-05-03 11:32:00'),(333,178,'2011-05-05 13:51:00'),(334,17,'2015-05-03 10:00:00'),(334,37,'2015-05-31 09:17:00'),(334,55,'2011-05-05 17:33:00'),(334,90,'2015-05-03 13:07:00'),(334,125,'2015-05-03 11:56:00'),(334,170,'2015-05-03 15:22:00'),(334,178,'2011-05-05 11:19:00'),(335,17,'2015-05-03 15:18:00'),(335,37,'2015-05-31 12:30:00'),(335,55,'2011-05-05 17:44:00'),(335,90,'2015-05-03 16:01:00'),(335,125,'2015-05-03 11:54:00'),(335,170,'2015-05-03 10:34:00'),(335,178,'2011-05-05 09:43:00'),(336,17,'2015-05-03 13:27:00'),(336,37,'2015-05-31 14:03:00'),(336,55,'2011-05-05 10:15:00'),(336,90,'2015-05-03 11:45:00'),(336,125,'2015-05-03 16:39:00'),(336,170,'2015-05-03 14:21:00'),(336,178,'2011-05-05 17:39:00'),(337,17,'2015-05-03 11:53:00'),(337,37,'2015-05-31 17:17:00'),(337,55,'2011-05-05 13:19:00'),(337,90,'2015-05-03 17:43:00'),(337,125,'2015-05-03 14:36:00'),(337,170,'2015-05-03 09:58:00'),(337,178,'2011-05-05 13:10:00'),(338,17,'2015-05-03 14:17:00'),(338,37,'2015-05-31 14:50:00'),(338,55,'2011-05-05 14:48:00'),(338,90,'2015-05-03 11:48:00'),(338,125,'2015-05-03 12:25:00'),(338,170,'2015-05-03 14:39:00'),(338,178,'2011-05-05 17:10:00'),(339,17,'2015-05-03 10:07:00'),(339,37,'2015-05-31 14:12:00'),(339,55,'2011-05-05 15:03:00'),(339,90,'2015-05-03 17:10:00'),(339,125,'2015-05-03 12:37:00'),(339,170,'2015-05-03 10:22:00'),(339,178,'2011-05-05 16:15:00'),(340,17,'2015-05-03 14:54:00'),(340,37,'2015-05-31 12:37:00'),(340,55,'2011-05-05 11:54:00'),(340,90,'2015-05-03 09:48:00'),(340,125,'2015-05-03 11:53:00'),(340,170,'2015-05-03 13:06:00'),(340,178,'2011-05-05 10:30:00'),(341,18,'2015-05-03 13:35:00'),(341,38,'2015-05-31 14:43:00'),(341,56,'2011-05-05 15:57:00'),(341,91,'2015-05-03 11:12:00'),(341,126,'2015-05-03 14:28:00'),(341,171,'2015-05-03 14:34:00'),(341,179,'2011-05-05 11:15:00'),(342,18,'2015-05-03 12:59:00'),(342,38,'2015-05-31 13:43:00'),(342,56,'2011-05-05 11:24:00'),(342,91,'2015-05-03 12:42:00'),(342,126,'2015-05-03 12:11:00'),(342,171,'2015-05-03 14:07:00'),(342,179,'2011-05-05 11:47:00'),(343,18,'2015-05-03 10:35:00'),(343,38,'2015-05-31 15:14:00'),(343,56,'2011-05-05 10:41:00'),(343,91,'2015-05-03 15:53:00'),(343,126,'2015-05-03 15:00:00'),(343,171,'2015-05-03 12:14:00'),(343,179,'2011-05-05 16:28:00'),(344,18,'2015-05-03 12:35:00'),(344,38,'2015-05-31 15:13:00'),(344,56,'2011-05-05 12:04:00'),(344,91,'2015-05-03 14:40:00'),(344,126,'2015-05-03 16:25:00'),(344,171,'2015-05-03 12:26:00'),(344,179,'2011-05-05 12:54:00'),(345,18,'2015-05-03 15:55:00'),(345,38,'2015-05-31 16:21:00'),(345,56,'2011-05-05 10:52:00'),(345,91,'2015-05-03 17:41:00'),(345,126,'2015-05-03 10:39:00'),(345,171,'2015-05-03 11:00:00'),(345,179,'2011-05-05 15:39:00'),(346,18,'2015-05-03 12:46:00'),(346,38,'2015-05-31 14:34:00'),(346,56,'2011-05-05 11:44:00'),(346,91,'2015-05-03 10:43:00'),(346,126,'2015-05-03 10:55:00'),(346,171,'2015-05-03 11:29:00'),(346,179,'2011-05-05 10:12:00'),(347,18,'2015-05-03 15:49:00'),(347,38,'2015-05-31 13:52:00'),(347,56,'2011-05-05 17:50:00'),(347,91,'2015-05-03 13:59:00'),(347,126,'2015-05-03 16:44:00'),(347,171,'2015-05-03 16:20:00'),(347,179,'2011-05-05 12:57:00'),(348,18,'2015-05-03 14:19:00'),(348,38,'2015-05-31 13:22:00'),(348,56,'2011-05-05 09:22:00'),(348,91,'2015-05-03 15:14:00'),(348,126,'2015-05-03 15:04:00'),(348,171,'2015-05-03 14:12:00'),(348,179,'2011-05-05 13:51:00'),(349,18,'2015-05-03 11:43:00'),(349,38,'2015-05-31 15:21:00'),(349,56,'2011-05-05 14:30:00'),(349,91,'2015-05-03 11:07:00'),(349,126,'2015-05-03 15:30:00'),(349,171,'2015-05-03 10:01:00'),(349,179,'2011-05-05 14:24:00'),(350,18,'2015-05-03 11:52:00'),(350,38,'2015-05-31 16:51:00'),(350,56,'2011-05-05 17:02:00'),(350,91,'2015-05-03 17:12:00'),(350,126,'2015-05-03 12:00:00'),(350,171,'2015-05-03 09:12:00'),(350,179,'2011-05-05 11:19:00'),(351,18,'2015-05-03 12:00:00'),(351,56,'2011-05-05 13:10:00'),(351,91,'2015-05-03 12:07:00'),(351,126,'2015-05-03 11:50:00'),(351,180,'2011-05-05 13:56:00'),(352,18,'2015-05-03 12:15:00'),(352,56,'2011-05-05 12:03:00'),(352,91,'2015-05-03 14:49:00'),(352,126,'2015-05-03 11:22:00'),(352,180,'2011-05-05 09:03:00'),(353,18,'2015-05-03 09:57:00'),(353,56,'2011-05-05 10:57:00'),(353,91,'2015-05-03 16:52:00'),(353,126,'2015-05-03 09:42:00'),(353,180,'2011-05-05 10:27:00'),(354,18,'2015-05-03 17:42:00'),(354,56,'2011-05-05 13:09:00'),(354,91,'2015-05-03 12:33:00'),(354,126,'2015-05-03 09:31:00'),(354,180,'2011-05-05 14:48:00'),(355,18,'2015-05-03 16:11:00'),(355,56,'2011-05-05 12:44:00'),(355,91,'2015-05-03 16:41:00'),(355,126,'2015-05-03 12:33:00'),(355,180,'2011-05-05 17:21:00'),(356,18,'2015-05-03 13:20:00'),(356,56,'2011-05-05 10:38:00'),(356,91,'2015-05-03 13:57:00'),(356,126,'2015-05-03 13:08:00'),(356,180,'2011-05-05 11:27:00'),(357,18,'2015-05-03 17:45:00'),(357,56,'2011-05-05 17:00:00'),(357,91,'2015-05-03 09:58:00'),(357,126,'2015-05-03 12:12:00'),(357,180,'2011-05-05 12:15:00'),(358,18,'2015-05-03 16:41:00'),(358,56,'2011-05-05 17:42:00'),(358,91,'2015-05-03 10:34:00'),(358,126,'2015-05-03 12:02:00'),(358,180,'2011-05-05 16:50:00'),(359,18,'2015-05-03 16:54:00'),(359,56,'2011-05-05 15:34:00'),(359,91,'2015-05-03 14:48:00'),(359,126,'2015-05-03 14:17:00'),(359,180,'2011-05-05 11:58:00'),(360,18,'2015-05-03 11:55:00'),(360,56,'2011-05-05 10:10:00'),(360,91,'2015-05-03 17:18:00'),(360,126,'2015-05-03 17:11:00'),(360,180,'2011-05-05 10:13:00'),(361,19,'2015-05-03 09:16:00'),(361,57,'2011-05-05 15:03:00'),(361,92,'2015-05-03 16:11:00'),(361,127,'2015-05-03 14:01:00'),(361,180,'2011-05-05 11:23:00'),(362,19,'2015-05-03 11:51:00'),(362,57,'2011-05-05 10:21:00'),(362,92,'2015-05-03 09:53:00'),(362,127,'2015-05-03 09:31:00'),(362,180,'2011-05-05 09:41:00'),(363,19,'2015-05-03 10:40:00'),(363,57,'2011-05-05 13:10:00'),(363,92,'2015-05-03 12:34:00'),(363,127,'2015-05-03 16:00:00'),(363,180,'2011-05-05 17:19:00'),(364,19,'2015-05-03 16:55:00'),(364,57,'2011-05-05 15:07:00'),(364,92,'2015-05-03 10:51:00'),(364,127,'2015-05-03 10:41:00'),(364,180,'2011-05-05 13:05:00'),(365,19,'2015-05-03 13:10:00'),(365,57,'2011-05-05 15:39:00'),(365,92,'2015-05-03 11:29:00'),(365,127,'2015-05-03 10:10:00'),(365,180,'2011-05-05 17:44:00'),(366,19,'2015-05-03 17:06:00'),(366,57,'2011-05-05 16:20:00'),(366,92,'2015-05-03 12:31:00'),(366,127,'2015-05-03 10:44:00'),(366,180,'2011-05-05 12:00:00'),(367,19,'2015-05-03 17:48:00'),(367,57,'2011-05-05 13:41:00'),(367,92,'2015-05-03 11:08:00'),(367,127,'2015-05-03 12:32:00'),(367,180,'2011-05-05 13:14:00'),(368,19,'2015-05-03 09:18:00'),(368,57,'2011-05-05 13:32:00'),(368,92,'2015-05-03 15:38:00'),(368,127,'2015-05-03 12:01:00'),(368,180,'2011-05-05 13:44:00'),(369,19,'2015-05-03 17:42:00'),(369,57,'2011-05-05 15:25:00'),(369,92,'2015-05-03 17:00:00'),(369,127,'2015-05-03 16:13:00'),(369,180,'2011-05-05 17:38:00'),(370,19,'2015-05-03 11:27:00'),(370,57,'2011-05-05 17:00:00'),(370,92,'2015-05-03 11:55:00'),(370,127,'2015-05-03 14:49:00'),(370,180,'2011-05-05 12:44:00'),(371,19,'2015-05-03 11:55:00'),(371,57,'2011-05-05 10:39:00'),(371,92,'2015-05-03 12:02:00'),(371,127,'2015-05-03 15:12:00'),(371,181,'2011-05-05 15:05:00'),(372,19,'2015-05-03 14:15:00'),(372,57,'2011-05-05 12:03:00'),(372,92,'2015-05-03 16:15:00'),(372,127,'2015-05-03 14:52:00'),(372,181,'2011-05-05 13:08:00'),(373,19,'2015-05-03 12:41:00'),(373,57,'2011-05-05 16:11:00'),(373,92,'2015-05-03 09:03:00'),(373,127,'2015-05-03 12:26:00'),(373,181,'2011-05-05 15:49:00'),(374,19,'2015-05-03 12:09:00'),(374,57,'2011-05-05 11:24:00'),(374,92,'2015-05-03 13:05:00'),(374,127,'2015-05-03 10:06:00'),(374,181,'2011-05-05 11:33:00'),(375,19,'2015-05-03 14:58:00'),(375,57,'2011-05-05 13:42:00'),(375,92,'2015-05-03 15:22:00'),(375,127,'2015-05-03 16:04:00'),(375,181,'2011-05-05 11:29:00'),(376,19,'2015-05-03 15:05:00'),(376,57,'2011-05-05 09:53:00'),(376,92,'2015-05-03 14:47:00'),(376,127,'2015-05-03 13:16:00'),(376,181,'2011-05-05 12:05:00'),(377,19,'2015-05-03 10:38:00'),(377,57,'2011-05-05 09:59:00'),(377,92,'2015-05-03 10:18:00'),(377,127,'2015-05-03 16:29:00'),(377,181,'2011-05-05 14:42:00'),(378,19,'2015-05-03 17:41:00'),(378,57,'2011-05-05 16:03:00'),(378,92,'2015-05-03 13:50:00'),(378,127,'2015-05-03 09:27:00'),(378,181,'2011-05-05 10:53:00'),(379,19,'2015-05-03 17:29:00'),(379,57,'2011-05-05 17:17:00'),(379,92,'2015-05-03 09:15:00'),(379,127,'2015-05-03 12:12:00'),(379,181,'2011-05-05 17:47:00'),(380,19,'2015-05-03 12:08:00'),(380,57,'2011-05-05 09:45:00'),(380,92,'2015-05-03 17:15:00'),(380,127,'2015-05-03 13:04:00'),(380,181,'2011-05-05 16:53:00'),(381,20,'2015-05-03 13:22:00'),(381,58,'2011-05-05 11:35:00'),(381,93,'2015-05-03 17:23:00'),(381,128,'2015-05-03 17:05:00'),(381,181,'2011-05-05 11:52:00'),(382,20,'2015-05-03 15:59:00'),(382,58,'2011-05-05 14:23:00'),(382,93,'2015-05-03 09:48:00'),(382,128,'2015-05-03 10:24:00'),(382,181,'2011-05-05 14:52:00'),(383,20,'2015-05-03 16:07:00'),(383,58,'2011-05-05 11:56:00'),(383,93,'2015-05-03 12:23:00'),(383,128,'2015-05-03 15:36:00'),(383,181,'2011-05-05 11:46:00'),(384,20,'2015-05-03 09:07:00'),(384,58,'2011-05-05 16:40:00'),(384,93,'2015-05-03 14:37:00'),(384,128,'2015-05-03 11:44:00'),(384,181,'2011-05-05 10:40:00'),(385,20,'2015-05-03 10:59:00'),(385,58,'2011-05-05 10:17:00'),(385,93,'2015-05-03 11:44:00'),(385,128,'2015-05-03 16:38:00'),(385,181,'2011-05-05 10:38:00'),(386,20,'2015-05-03 14:22:00'),(386,58,'2011-05-05 12:47:00'),(386,93,'2015-05-03 11:48:00'),(386,128,'2015-05-03 16:45:00'),(386,181,'2011-05-05 15:12:00'),(387,20,'2015-05-03 13:28:00'),(387,58,'2011-05-05 15:25:00'),(387,93,'2015-05-03 17:57:00'),(387,128,'2015-05-03 13:45:00'),(387,181,'2011-05-05 16:08:00'),(388,20,'2015-05-03 14:07:00'),(388,58,'2011-05-05 10:23:00'),(388,93,'2015-05-03 15:31:00'),(388,128,'2015-05-03 09:49:00'),(388,181,'2011-05-05 16:36:00'),(389,20,'2015-05-03 14:57:00'),(389,58,'2011-05-05 17:37:00'),(389,93,'2015-05-03 15:02:00'),(389,128,'2015-05-03 09:22:00'),(389,181,'2011-05-05 14:47:00'),(390,20,'2015-05-03 17:40:00'),(390,58,'2011-05-05 12:20:00'),(390,93,'2015-05-03 16:55:00'),(390,128,'2015-05-03 11:53:00'),(390,181,'2011-05-05 12:49:00'),(391,20,'2015-05-03 14:10:00'),(391,58,'2011-05-05 15:42:00'),(391,93,'2015-05-03 12:31:00'),(391,128,'2015-05-03 10:16:00'),(391,182,'2011-05-05 17:51:00'),(392,20,'2015-05-03 13:28:00'),(392,58,'2011-05-05 15:36:00'),(392,93,'2015-05-03 17:46:00'),(392,128,'2015-05-03 09:11:00'),(392,182,'2011-05-05 16:54:00'),(393,20,'2015-05-03 12:40:00'),(393,58,'2011-05-05 16:12:00'),(393,93,'2015-05-03 15:43:00'),(393,128,'2015-05-03 10:21:00'),(393,182,'2011-05-05 10:01:00'),(394,20,'2015-05-03 15:04:00'),(394,58,'2011-05-05 12:52:00'),(394,93,'2015-05-03 10:10:00'),(394,128,'2015-05-03 10:11:00'),(394,182,'2011-05-05 10:30:00'),(395,20,'2015-05-03 14:14:00'),(395,58,'2011-05-05 14:18:00'),(395,93,'2015-05-03 12:50:00'),(395,128,'2015-05-03 13:58:00'),(395,182,'2011-05-05 09:14:00'),(396,20,'2015-05-03 15:07:00'),(396,58,'2011-05-05 09:06:00'),(396,93,'2015-05-03 12:17:00'),(396,128,'2015-05-03 11:47:00'),(396,182,'2011-05-05 10:35:00'),(397,20,'2015-05-03 16:11:00'),(397,58,'2011-05-05 09:30:00'),(397,93,'2015-05-03 11:00:00'),(397,128,'2015-05-03 16:31:00'),(397,182,'2011-05-05 14:00:00'),(398,20,'2015-05-03 11:06:00'),(398,58,'2011-05-05 12:42:00'),(398,93,'2015-05-03 09:09:00'),(398,128,'2015-05-03 11:11:00'),(398,182,'2011-05-05 16:10:00'),(399,20,'2015-05-03 09:49:00'),(399,58,'2011-05-05 12:15:00'),(399,93,'2015-05-03 11:18:00'),(399,128,'2015-05-03 09:18:00'),(399,182,'2011-05-05 12:15:00'),(400,20,'2015-05-03 14:58:00'),(400,58,'2011-05-05 12:46:00'),(400,93,'2015-05-03 12:50:00'),(400,128,'2015-05-03 15:10:00'),(400,182,'2011-05-05 11:40:00'),(401,21,'2015-05-03 14:12:00'),(401,59,'2011-05-05 12:27:00'),(401,94,'2015-05-03 14:20:00'),(401,129,'2015-05-03 17:38:00'),(401,182,'2011-05-05 12:01:00'),(402,21,'2015-05-03 14:05:00'),(402,59,'2011-05-05 14:39:00'),(402,94,'2015-05-03 16:29:00'),(402,129,'2015-05-03 17:06:00'),(402,182,'2011-05-05 11:56:00'),(403,21,'2015-05-03 13:21:00'),(403,59,'2011-05-05 10:23:00'),(403,94,'2015-05-03 11:15:00'),(403,129,'2015-05-03 15:58:00'),(403,182,'2011-05-05 10:18:00'),(404,21,'2015-05-03 14:02:00'),(404,59,'2011-05-05 14:18:00'),(404,94,'2015-05-03 10:00:00'),(404,129,'2015-05-03 14:25:00'),(404,182,'2011-05-05 17:38:00'),(405,21,'2015-05-03 16:20:00'),(405,59,'2011-05-05 16:25:00'),(405,94,'2015-05-03 15:14:00'),(405,129,'2015-05-03 11:18:00'),(405,182,'2011-05-05 17:24:00'),(406,21,'2015-05-03 16:32:00'),(406,59,'2011-05-05 15:04:00'),(406,94,'2015-05-03 17:21:00'),(406,129,'2015-05-03 12:21:00'),(406,182,'2011-05-05 16:50:00'),(407,21,'2015-05-03 12:52:00'),(407,59,'2011-05-05 15:50:00'),(407,94,'2015-05-03 14:35:00'),(407,129,'2015-05-03 13:53:00'),(407,182,'2011-05-05 15:35:00'),(408,21,'2015-05-03 10:44:00'),(408,59,'2011-05-05 12:53:00'),(408,94,'2015-05-03 09:42:00'),(408,129,'2015-05-03 10:38:00'),(408,182,'2011-05-05 14:30:00'),(409,21,'2015-05-03 15:21:00'),(409,59,'2011-05-05 16:36:00'),(409,94,'2015-05-03 12:43:00'),(409,129,'2015-05-03 17:33:00'),(409,182,'2011-05-05 11:41:00'),(410,21,'2015-05-03 16:21:00'),(410,59,'2011-05-05 09:04:00'),(410,94,'2015-05-03 17:08:00'),(410,129,'2015-05-03 15:56:00'),(410,182,'2011-05-05 11:02:00'),(411,21,'2015-05-03 10:59:00'),(411,59,'2011-05-05 13:25:00'),(411,94,'2015-05-03 09:14:00'),(411,129,'2015-05-03 09:41:00'),(411,183,'2011-05-05 16:24:00'),(412,21,'2015-05-03 17:59:00'),(412,59,'2011-05-05 12:25:00'),(412,94,'2015-05-03 13:49:00'),(412,129,'2015-05-03 14:10:00'),(412,183,'2011-05-05 13:27:00'),(413,21,'2015-05-03 15:29:00'),(413,59,'2011-05-05 16:19:00'),(413,94,'2015-05-03 12:11:00'),(413,129,'2015-05-03 09:13:00'),(413,183,'2011-05-05 16:14:00'),(414,21,'2015-05-03 09:10:00'),(414,59,'2011-05-05 10:44:00'),(414,94,'2015-05-03 10:38:00'),(414,129,'2015-05-03 16:59:00'),(414,183,'2011-05-05 13:36:00'),(415,21,'2015-05-03 11:55:00'),(415,59,'2011-05-05 11:34:00'),(415,94,'2015-05-03 09:35:00'),(415,129,'2015-05-03 15:37:00'),(415,183,'2011-05-05 09:13:00'),(416,21,'2015-05-03 10:35:00'),(416,59,'2011-05-05 12:20:00'),(416,94,'2015-05-03 14:58:00'),(416,129,'2015-05-03 12:43:00'),(416,183,'2011-05-05 11:27:00'),(417,21,'2015-05-03 14:40:00'),(417,59,'2011-05-05 09:35:00'),(417,94,'2015-05-03 15:42:00'),(417,129,'2015-05-03 13:49:00'),(417,183,'2011-05-05 11:21:00'),(418,21,'2015-05-03 13:00:00'),(418,59,'2011-05-05 15:23:00'),(418,94,'2015-05-03 11:18:00'),(418,129,'2015-05-03 15:21:00'),(418,183,'2011-05-05 16:19:00'),(419,21,'2015-05-03 10:11:00'),(419,59,'2011-05-05 09:27:00'),(419,94,'2015-05-03 09:19:00'),(419,129,'2015-05-03 12:22:00'),(419,183,'2011-05-05 15:05:00'),(420,21,'2015-05-03 11:21:00'),(420,59,'2011-05-05 09:49:00'),(420,94,'2015-05-03 10:15:00'),(420,129,'2015-05-03 10:18:00'),(420,183,'2011-05-05 12:44:00'),(421,22,'2015-05-03 09:20:00'),(421,60,'2011-05-05 11:04:00'),(421,95,'2015-05-03 16:14:00'),(421,130,'2015-05-03 16:32:00'),(421,183,'2011-05-05 13:36:00'),(422,22,'2015-05-03 10:08:00'),(422,60,'2011-05-05 12:35:00'),(422,95,'2015-05-03 10:18:00'),(422,130,'2015-05-03 14:58:00'),(422,183,'2011-05-05 15:01:00'),(423,22,'2015-05-03 12:35:00'),(423,60,'2011-05-05 10:49:00'),(423,95,'2015-05-03 15:21:00'),(423,130,'2015-05-03 09:23:00'),(423,183,'2011-05-05 09:35:00'),(424,22,'2015-05-03 11:11:00'),(424,60,'2011-05-05 16:40:00'),(424,95,'2015-05-03 17:33:00'),(424,130,'2015-05-03 09:56:00'),(424,183,'2011-05-05 17:59:00'),(425,22,'2015-05-03 10:27:00'),(425,60,'2011-05-05 17:49:00'),(425,95,'2015-05-03 15:20:00'),(425,130,'2015-05-03 16:35:00'),(425,183,'2011-05-05 17:43:00'),(426,22,'2015-05-03 16:01:00'),(426,60,'2011-05-05 14:24:00'),(426,95,'2015-05-03 17:24:00'),(426,130,'2015-05-03 17:36:00'),(426,183,'2011-05-05 11:41:00'),(427,22,'2015-05-03 09:32:00'),(427,60,'2011-05-05 09:02:00'),(427,95,'2015-05-03 12:47:00'),(427,130,'2015-05-03 17:24:00'),(427,183,'2011-05-05 12:35:00'),(428,22,'2015-05-03 14:30:00'),(428,60,'2011-05-05 09:17:00'),(428,95,'2015-05-03 10:50:00'),(428,130,'2015-05-03 10:54:00'),(428,183,'2011-05-05 10:41:00'),(429,22,'2015-05-03 10:29:00'),(429,60,'2011-05-05 10:43:00'),(429,95,'2015-05-03 12:18:00'),(429,130,'2015-05-03 12:14:00'),(429,183,'2011-05-05 17:31:00'),(430,22,'2015-05-03 15:01:00'),(430,60,'2011-05-05 09:54:00'),(430,95,'2015-05-03 12:48:00'),(430,130,'2015-05-03 13:40:00'),(430,183,'2011-05-05 10:55:00'),(431,22,'2015-05-03 17:45:00'),(431,60,'2011-05-05 17:40:00'),(431,95,'2015-05-03 12:27:00'),(431,130,'2015-05-03 17:56:00'),(431,184,'2011-05-05 11:09:00'),(432,22,'2015-05-03 13:47:00'),(432,60,'2011-05-05 09:26:00'),(432,95,'2015-05-03 11:14:00'),(432,130,'2015-05-03 09:39:00'),(432,184,'2011-05-05 12:16:00'),(433,22,'2015-05-03 11:36:00'),(433,60,'2011-05-05 10:05:00'),(433,95,'2015-05-03 13:23:00'),(433,130,'2015-05-03 09:22:00'),(433,184,'2011-05-05 10:21:00'),(434,22,'2015-05-03 16:21:00'),(434,60,'2011-05-05 13:12:00'),(434,95,'2015-05-03 09:05:00'),(434,130,'2015-05-03 15:25:00'),(434,184,'2011-05-05 15:14:00'),(435,22,'2015-05-03 10:09:00'),(435,60,'2011-05-05 11:16:00'),(435,95,'2015-05-03 14:38:00'),(435,130,'2015-05-03 09:56:00'),(435,184,'2011-05-05 09:14:00'),(436,22,'2015-05-03 15:55:00'),(436,60,'2011-05-05 10:59:00'),(436,95,'2015-05-03 10:28:00'),(436,130,'2015-05-03 12:44:00'),(436,184,'2011-05-05 13:37:00'),(437,22,'2015-05-03 14:52:00'),(437,60,'2011-05-05 16:32:00'),(437,95,'2015-05-03 12:50:00'),(437,130,'2015-05-03 11:26:00'),(437,184,'2011-05-05 17:00:00'),(438,22,'2015-05-03 09:58:00'),(438,60,'2011-05-05 10:13:00'),(438,95,'2015-05-03 16:57:00'),(438,130,'2015-05-03 10:58:00'),(438,184,'2011-05-05 16:42:00'),(439,22,'2015-05-03 11:28:00'),(439,60,'2011-05-05 15:26:00'),(439,95,'2015-05-03 10:52:00'),(439,130,'2015-05-03 13:21:00'),(439,184,'2011-05-05 17:33:00'),(440,22,'2015-05-03 11:05:00'),(440,60,'2011-05-05 16:03:00'),(440,95,'2015-05-03 09:54:00'),(440,130,'2015-05-03 14:55:00'),(440,184,'2011-05-05 17:04:00'),(441,23,'2015-05-03 11:38:00'),(441,61,'2011-05-05 16:44:00'),(441,96,'2015-05-03 16:59:00'),(441,131,'2015-05-03 14:42:00'),(441,184,'2011-05-05 10:28:00'),(442,23,'2015-05-03 16:11:00'),(442,61,'2011-05-05 12:53:00'),(442,96,'2015-05-03 10:16:00'),(442,131,'2015-05-03 11:02:00'),(442,184,'2011-05-05 10:52:00'),(443,23,'2015-05-03 09:18:00'),(443,61,'2011-05-05 16:20:00'),(443,96,'2015-05-03 12:49:00'),(443,131,'2015-05-03 10:07:00'),(443,184,'2011-05-05 17:54:00'),(444,23,'2015-05-03 11:49:00'),(444,61,'2011-05-05 13:44:00'),(444,96,'2015-05-03 09:26:00'),(444,131,'2015-05-03 14:03:00'),(444,184,'2011-05-05 15:32:00'),(445,23,'2015-05-03 14:20:00'),(445,61,'2011-05-05 11:43:00'),(445,96,'2015-05-03 15:44:00'),(445,131,'2015-05-03 13:35:00'),(445,184,'2011-05-05 09:03:00'),(446,23,'2015-05-03 10:54:00'),(446,61,'2011-05-05 17:54:00'),(446,96,'2015-05-03 11:24:00'),(446,131,'2015-05-03 09:41:00'),(446,184,'2011-05-05 11:48:00'),(447,23,'2015-05-03 13:13:00'),(447,61,'2011-05-05 09:05:00'),(447,96,'2015-05-03 15:24:00'),(447,131,'2015-05-03 11:57:00'),(447,184,'2011-05-05 17:53:00'),(448,23,'2015-05-03 17:03:00'),(448,61,'2011-05-05 12:56:00'),(448,96,'2015-05-03 16:18:00'),(448,131,'2015-05-03 12:47:00'),(448,184,'2011-05-05 10:54:00'),(449,23,'2015-05-03 15:46:00'),(449,61,'2011-05-05 14:46:00'),(449,96,'2015-05-03 14:25:00'),(449,131,'2015-05-03 11:44:00'),(449,184,'2011-05-05 11:44:00'),(450,23,'2015-05-03 10:43:00'),(450,61,'2011-05-05 09:52:00'),(450,96,'2015-05-03 16:38:00'),(450,131,'2015-05-03 09:15:00'),(450,184,'2011-05-05 13:05:00'),(451,23,'2015-05-03 12:54:00'),(451,61,'2011-05-05 11:14:00'),(451,96,'2015-05-03 15:47:00'),(451,131,'2015-05-03 09:01:00'),(451,185,'2011-05-05 16:27:00'),(452,23,'2015-05-03 10:23:00'),(452,61,'2011-05-05 17:40:00'),(452,96,'2015-05-03 17:03:00'),(452,131,'2015-05-03 12:13:00'),(452,185,'2011-05-05 15:06:00'),(453,23,'2015-05-03 09:34:00'),(453,61,'2011-05-05 10:49:00'),(453,96,'2015-05-03 16:32:00'),(453,131,'2015-05-03 09:16:00'),(453,185,'2011-05-05 13:46:00'),(454,23,'2015-05-03 12:59:00'),(454,61,'2011-05-05 13:38:00'),(454,96,'2015-05-03 11:12:00'),(454,131,'2015-05-03 12:34:00'),(454,185,'2011-05-05 09:49:00'),(455,23,'2015-05-03 15:30:00'),(455,61,'2011-05-05 15:25:00'),(455,96,'2015-05-03 09:03:00'),(455,131,'2015-05-03 09:02:00'),(455,185,'2011-05-05 13:06:00'),(456,23,'2015-05-03 14:21:00'),(456,61,'2011-05-05 12:42:00'),(456,96,'2015-05-03 09:05:00'),(456,131,'2015-05-03 11:27:00'),(456,185,'2011-05-05 14:00:00'),(457,23,'2015-05-03 16:12:00'),(457,61,'2011-05-05 17:47:00'),(457,96,'2015-05-03 13:30:00'),(457,131,'2015-05-03 17:29:00'),(457,185,'2011-05-05 09:23:00'),(458,23,'2015-05-03 10:56:00'),(458,61,'2011-05-05 10:42:00'),(458,96,'2015-05-03 14:33:00'),(458,131,'2015-05-03 10:54:00'),(458,185,'2011-05-05 17:47:00'),(459,23,'2015-05-03 12:08:00'),(459,61,'2011-05-05 15:27:00'),(459,96,'2015-05-03 15:40:00'),(459,131,'2015-05-03 10:25:00'),(459,185,'2011-05-05 12:20:00'),(460,23,'2015-05-03 17:59:00'),(460,61,'2011-05-05 14:56:00'),(460,96,'2015-05-03 16:54:00'),(460,131,'2015-05-03 12:57:00'),(460,185,'2011-05-05 10:07:00'),(461,24,'2015-05-03 11:12:00'),(461,62,'2011-05-05 13:45:00'),(461,97,'2015-05-03 09:33:00'),(461,132,'2015-05-03 15:16:00'),(461,185,'2011-05-05 10:29:00'),(462,24,'2015-05-03 10:58:00'),(462,62,'2011-05-05 13:23:00'),(462,97,'2015-05-03 15:34:00'),(462,132,'2015-05-03 14:26:00'),(462,185,'2011-05-05 14:18:00'),(463,24,'2015-05-03 15:13:00'),(463,62,'2011-05-05 17:35:00'),(463,97,'2015-05-03 11:12:00'),(463,132,'2015-05-03 14:42:00'),(463,185,'2011-05-05 13:43:00'),(464,24,'2015-05-03 15:51:00'),(464,62,'2011-05-05 17:12:00'),(464,97,'2015-05-03 13:20:00'),(464,132,'2015-05-03 17:42:00'),(464,185,'2011-05-05 14:52:00'),(465,24,'2015-05-03 09:48:00'),(465,62,'2011-05-05 15:08:00'),(465,97,'2015-05-03 15:29:00'),(465,132,'2015-05-03 09:44:00'),(465,185,'2011-05-05 13:49:00'),(466,24,'2015-05-03 17:58:00'),(466,62,'2011-05-05 11:01:00'),(466,97,'2015-05-03 10:25:00'),(466,132,'2015-05-03 10:53:00'),(466,185,'2011-05-05 12:39:00'),(467,24,'2015-05-03 11:25:00'),(467,62,'2011-05-05 17:26:00'),(467,97,'2015-05-03 17:22:00'),(467,132,'2015-05-03 09:35:00'),(467,185,'2011-05-05 12:39:00'),(468,24,'2015-05-03 15:29:00'),(468,62,'2011-05-05 11:37:00'),(468,97,'2015-05-03 15:03:00'),(468,132,'2015-05-03 11:40:00'),(468,185,'2011-05-05 17:50:00'),(469,24,'2015-05-03 10:42:00'),(469,62,'2011-05-05 11:00:00'),(469,97,'2015-05-03 13:24:00'),(469,132,'2015-05-03 16:42:00'),(469,185,'2011-05-05 13:02:00'),(470,24,'2015-05-03 12:17:00'),(470,62,'2011-05-05 15:08:00'),(470,97,'2015-05-03 15:34:00'),(470,132,'2015-05-03 15:16:00'),(470,185,'2011-05-05 15:07:00'),(471,24,'2015-05-03 12:29:00'),(471,62,'2011-05-05 15:07:00'),(471,97,'2015-05-03 10:37:00'),(471,132,'2015-05-03 11:11:00'),(471,186,'2011-05-05 13:02:00'),(472,24,'2015-05-03 10:30:00'),(472,62,'2011-05-05 16:37:00'),(472,97,'2015-05-03 14:39:00'),(472,132,'2015-05-03 13:32:00'),(472,186,'2011-05-05 14:34:00'),(473,24,'2015-05-03 14:38:00'),(473,62,'2011-05-05 17:59:00'),(473,97,'2015-05-03 12:32:00'),(473,132,'2015-05-03 09:31:00'),(473,186,'2011-05-05 09:27:00'),(474,24,'2015-05-03 14:21:00'),(474,62,'2011-05-05 16:27:00'),(474,97,'2015-05-03 13:26:00'),(474,132,'2015-05-03 13:15:00'),(474,186,'2011-05-05 13:51:00'),(475,24,'2015-05-03 16:38:00'),(475,62,'2011-05-05 11:01:00'),(475,97,'2015-05-03 13:42:00'),(475,132,'2015-05-03 10:44:00'),(475,186,'2011-05-05 15:39:00'),(476,24,'2015-05-03 14:22:00'),(476,62,'2011-05-05 12:32:00'),(476,97,'2015-05-03 15:31:00'),(476,132,'2015-05-03 16:19:00'),(476,186,'2011-05-05 15:59:00'),(477,24,'2015-05-03 15:50:00'),(477,62,'2011-05-05 16:52:00'),(477,97,'2015-05-03 15:20:00'),(477,132,'2015-05-03 10:29:00'),(477,186,'2011-05-05 15:15:00'),(478,24,'2015-05-03 10:36:00'),(478,62,'2011-05-05 10:16:00'),(478,97,'2015-05-03 16:45:00'),(478,132,'2015-05-03 10:42:00'),(478,186,'2011-05-05 17:48:00'),(479,24,'2015-05-03 17:55:00'),(479,62,'2011-05-05 11:57:00'),(479,97,'2015-05-03 17:56:00'),(479,132,'2015-05-03 16:39:00'),(479,186,'2011-05-05 10:14:00'),(480,24,'2015-05-03 11:00:00'),(480,62,'2011-05-05 12:55:00'),(480,97,'2015-05-03 17:28:00'),(480,132,'2015-05-03 16:07:00'),(480,186,'2011-05-05 12:55:00'),(481,25,'2015-05-03 17:54:00'),(481,63,'2011-05-05 09:52:00'),(481,98,'2015-05-03 17:33:00'),(481,133,'2015-05-03 17:35:00'),(481,186,'2011-05-05 16:01:00'),(482,25,'2015-05-03 11:31:00'),(482,63,'2011-05-05 17:15:00'),(482,98,'2015-05-03 16:16:00'),(482,133,'2015-05-03 09:06:00'),(482,186,'2011-05-05 14:12:00'),(483,25,'2015-05-03 13:57:00'),(483,63,'2011-05-05 12:47:00'),(483,98,'2015-05-03 17:43:00'),(483,133,'2015-05-03 15:39:00'),(483,186,'2011-05-05 09:26:00'),(484,25,'2015-05-03 16:06:00'),(484,63,'2011-05-05 16:40:00'),(484,98,'2015-05-03 11:04:00'),(484,133,'2015-05-03 09:01:00'),(484,186,'2011-05-05 12:50:00'),(485,25,'2015-05-03 09:48:00'),(485,63,'2011-05-05 17:02:00'),(485,98,'2015-05-03 14:20:00'),(485,133,'2015-05-03 10:45:00'),(485,186,'2011-05-05 10:31:00'),(486,25,'2015-05-03 09:43:00'),(486,63,'2011-05-05 14:56:00'),(486,98,'2015-05-03 15:52:00'),(486,133,'2015-05-03 17:02:00'),(486,186,'2011-05-05 14:28:00'),(487,25,'2015-05-03 10:50:00'),(487,63,'2011-05-05 16:46:00'),(487,98,'2015-05-03 12:22:00'),(487,133,'2015-05-03 11:56:00'),(487,186,'2011-05-05 09:00:00'),(488,25,'2015-05-03 15:01:00'),(488,63,'2011-05-05 17:56:00'),(488,98,'2015-05-03 12:44:00'),(488,133,'2015-05-03 11:31:00'),(488,186,'2011-05-05 17:26:00'),(489,25,'2015-05-03 09:59:00'),(489,63,'2011-05-05 10:01:00'),(489,98,'2015-05-03 11:41:00'),(489,133,'2015-05-03 17:12:00'),(489,186,'2011-05-05 13:36:00'),(490,25,'2015-05-03 16:48:00'),(490,63,'2011-05-05 12:25:00'),(490,98,'2015-05-03 14:09:00'),(490,133,'2015-05-03 15:46:00'),(490,186,'2011-05-05 16:29:00'),(491,25,'2015-05-03 17:56:00'),(491,63,'2011-05-05 11:18:00'),(491,98,'2015-05-03 14:42:00'),(491,133,'2015-05-03 13:17:00'),(491,187,'2011-05-05 13:38:00'),(492,25,'2015-05-03 16:19:00'),(492,63,'2011-05-05 14:18:00'),(492,98,'2015-05-03 11:22:00'),(492,133,'2015-05-03 14:23:00'),(492,187,'2011-05-05 10:37:00'),(493,25,'2015-05-03 15:21:00'),(493,63,'2011-05-05 11:23:00'),(493,98,'2015-05-03 13:29:00'),(493,133,'2015-05-03 13:24:00'),(493,187,'2011-05-05 10:04:00'),(494,25,'2015-05-03 15:14:00'),(494,63,'2011-05-05 09:44:00'),(494,98,'2015-05-03 12:05:00'),(494,133,'2015-05-03 15:59:00'),(494,187,'2011-05-05 17:47:00'),(495,25,'2015-05-03 13:46:00'),(495,63,'2011-05-05 09:39:00'),(495,98,'2015-05-03 14:23:00'),(495,133,'2015-05-03 11:50:00'),(495,187,'2011-05-05 15:50:00'),(496,25,'2015-05-03 10:31:00'),(496,63,'2011-05-05 16:44:00'),(496,98,'2015-05-03 10:04:00'),(496,133,'2015-05-03 14:41:00'),(496,187,'2011-05-05 14:42:00'),(497,25,'2015-05-03 12:44:00'),(497,63,'2011-05-05 10:29:00'),(497,98,'2015-05-03 16:31:00'),(497,133,'2015-05-03 09:31:00'),(497,187,'2011-05-05 17:23:00'),(498,25,'2015-05-03 15:23:00'),(498,63,'2011-05-05 12:23:00'),(498,98,'2015-05-03 15:16:00'),(498,133,'2015-05-03 17:17:00'),(498,187,'2011-05-05 17:33:00'),(499,25,'2015-05-03 10:19:00'),(499,63,'2011-05-05 09:45:00'),(499,98,'2015-05-03 12:22:00'),(499,133,'2015-05-03 17:41:00'),(499,187,'2011-05-05 13:51:00'),(500,25,'2015-05-03 15:22:00'),(500,63,'2011-05-05 12:39:00'),(500,98,'2015-05-03 15:40:00'),(500,133,'2015-05-03 17:01:00'),(500,187,'2011-05-05 14:00:00'),(501,26,'2015-05-03 09:11:00'),(501,64,'2011-05-05 12:09:00'),(501,99,'2015-05-03 15:06:00'),(501,134,'2015-05-03 13:08:00'),(502,26,'2015-05-03 12:06:00'),(502,64,'2011-05-05 15:32:00'),(502,99,'2015-05-03 10:24:00'),(502,134,'2015-05-03 14:20:00'),(503,26,'2015-05-03 17:34:00'),(503,64,'2011-05-05 11:38:00'),(503,99,'2015-05-03 12:19:00'),(503,134,'2015-05-03 12:03:00'),(504,26,'2015-05-03 09:53:00'),(504,64,'2011-05-05 15:45:00'),(504,99,'2015-05-03 10:19:00'),(504,134,'2015-05-03 11:13:00'),(505,26,'2015-05-03 16:47:00'),(505,64,'2011-05-05 17:02:00'),(505,99,'2015-05-03 11:13:00'),(505,134,'2015-05-03 11:47:00'),(506,26,'2015-05-03 15:29:00'),(506,64,'2011-05-05 16:08:00'),(506,99,'2015-05-03 15:42:00'),(506,134,'2015-05-03 09:17:00'),(507,26,'2015-05-03 15:37:00'),(507,64,'2011-05-05 17:01:00'),(507,99,'2015-05-03 15:32:00'),(507,134,'2015-05-03 12:39:00'),(508,26,'2015-05-03 13:08:00'),(508,64,'2011-05-05 10:25:00'),(508,99,'2015-05-03 15:40:00'),(508,134,'2015-05-03 14:31:00'),(509,26,'2015-05-03 14:57:00'),(509,64,'2011-05-05 10:49:00'),(509,99,'2015-05-03 12:05:00'),(509,134,'2015-05-03 13:35:00'),(510,26,'2015-05-03 17:38:00'),(510,64,'2011-05-05 13:18:00'),(510,99,'2015-05-03 13:18:00'),(510,134,'2015-05-03 14:11:00'),(511,26,'2015-05-03 10:22:00'),(511,64,'2011-05-05 09:27:00'),(511,99,'2015-05-03 17:53:00'),(511,134,'2015-05-03 10:18:00'),(512,26,'2015-05-03 09:43:00'),(512,64,'2011-05-05 13:42:00'),(512,99,'2015-05-03 13:05:00'),(512,134,'2015-05-03 16:57:00'),(513,26,'2015-05-03 14:10:00'),(513,64,'2011-05-05 12:42:00'),(513,99,'2015-05-03 14:07:00'),(513,134,'2015-05-03 14:44:00'),(514,26,'2015-05-03 16:08:00'),(514,64,'2011-05-05 14:05:00'),(514,99,'2015-05-03 14:34:00'),(514,134,'2015-05-03 17:29:00'),(515,26,'2015-05-03 09:41:00'),(515,64,'2011-05-05 17:34:00'),(515,99,'2015-05-03 12:49:00'),(515,134,'2015-05-03 09:23:00'),(516,26,'2015-05-03 10:07:00'),(516,64,'2011-05-05 12:10:00'),(516,99,'2015-05-03 15:25:00'),(516,134,'2015-05-03 16:31:00'),(517,26,'2015-05-03 14:52:00'),(517,64,'2011-05-05 17:20:00'),(517,99,'2015-05-03 15:33:00'),(517,134,'2015-05-03 15:18:00'),(518,26,'2015-05-03 10:37:00'),(518,64,'2011-05-05 09:44:00'),(518,99,'2015-05-03 15:42:00'),(518,134,'2015-05-03 17:03:00'),(519,26,'2015-05-03 14:08:00'),(519,64,'2011-05-05 11:40:00'),(519,99,'2015-05-03 17:25:00'),(519,134,'2015-05-03 15:09:00'),(520,26,'2015-05-03 16:47:00'),(520,64,'2011-05-05 17:21:00'),(520,99,'2015-05-03 14:57:00'),(520,134,'2015-05-03 14:07:00'),(521,27,'2015-05-03 09:04:00'),(521,65,'2011-05-05 11:50:00'),(521,100,'2015-05-03 14:20:00'),(521,135,'2015-05-03 14:42:00'),(522,27,'2015-05-03 14:43:00'),(522,65,'2011-05-05 16:18:00'),(522,100,'2015-05-03 09:18:00'),(522,135,'2015-05-03 09:05:00'),(523,27,'2015-05-03 11:28:00'),(523,65,'2011-05-05 14:55:00'),(523,100,'2015-05-03 17:11:00'),(523,135,'2015-05-03 15:08:00'),(524,27,'2015-05-03 15:43:00'),(524,65,'2011-05-05 11:49:00'),(524,100,'2015-05-03 09:18:00'),(524,135,'2015-05-03 12:15:00'),(525,27,'2015-05-03 11:54:00'),(525,65,'2011-05-05 15:29:00'),(525,100,'2015-05-03 13:31:00'),(525,135,'2015-05-03 12:45:00'),(526,27,'2015-05-03 15:58:00'),(526,65,'2011-05-05 15:43:00'),(526,100,'2015-05-03 13:20:00'),(526,135,'2015-05-03 10:03:00'),(527,27,'2015-05-03 09:26:00'),(527,65,'2011-05-05 13:24:00'),(527,100,'2015-05-03 11:03:00'),(527,135,'2015-05-03 17:36:00'),(528,27,'2015-05-03 12:21:00'),(528,65,'2011-05-05 09:18:00'),(528,100,'2015-05-03 14:38:00'),(528,135,'2015-05-03 16:00:00'),(529,27,'2015-05-03 11:29:00'),(529,65,'2011-05-05 14:41:00'),(529,100,'2015-05-03 14:49:00'),(529,135,'2015-05-03 13:19:00'),(530,27,'2015-05-03 09:59:00'),(530,65,'2011-05-05 11:35:00'),(530,100,'2015-05-03 12:07:00'),(530,135,'2015-05-03 14:22:00'),(531,27,'2015-05-03 13:29:00'),(531,65,'2011-05-05 15:46:00'),(531,100,'2015-05-03 09:10:00'),(531,135,'2015-05-03 13:35:00'),(532,27,'2015-05-03 14:10:00'),(532,65,'2011-05-05 09:14:00'),(532,100,'2015-05-03 16:49:00'),(532,135,'2015-05-03 10:41:00'),(533,27,'2015-05-03 10:20:00'),(533,65,'2011-05-05 17:52:00'),(533,100,'2015-05-03 15:13:00'),(533,135,'2015-05-03 17:07:00'),(534,27,'2015-05-03 17:35:00'),(534,65,'2011-05-05 17:34:00'),(534,100,'2015-05-03 17:03:00'),(534,135,'2015-05-03 15:44:00'),(535,27,'2015-05-03 14:46:00'),(535,65,'2011-05-05 09:00:00'),(535,100,'2015-05-03 14:13:00'),(535,135,'2015-05-03 11:07:00'),(536,27,'2015-05-03 14:37:00'),(536,65,'2011-05-05 10:18:00'),(536,100,'2015-05-03 10:30:00'),(536,135,'2015-05-03 17:11:00'),(537,27,'2015-05-03 12:43:00'),(537,65,'2011-05-05 14:50:00'),(537,100,'2015-05-03 14:44:00'),(537,135,'2015-05-03 17:36:00'),(538,27,'2015-05-03 12:48:00'),(538,65,'2011-05-05 17:45:00'),(538,100,'2015-05-03 11:35:00'),(538,135,'2015-05-03 09:49:00'),(539,27,'2015-05-03 09:15:00'),(539,65,'2011-05-05 15:11:00'),(539,100,'2015-05-03 11:34:00'),(539,135,'2015-05-03 13:59:00'),(540,27,'2015-05-03 13:30:00'),(540,65,'2011-05-05 14:43:00'),(540,100,'2015-05-03 17:05:00'),(540,135,'2015-05-03 16:13:00'),(541,28,'2015-05-03 09:44:00'),(541,66,'2011-05-05 10:54:00'),(541,101,'2015-05-03 17:51:00'),(541,136,'2015-05-03 11:28:00'),(542,28,'2015-05-03 10:19:00'),(542,66,'2011-05-05 12:18:00'),(542,101,'2015-05-03 14:59:00'),(542,136,'2015-05-03 14:44:00'),(543,28,'2015-05-03 10:16:00'),(543,66,'2011-05-05 09:14:00'),(543,101,'2015-05-03 12:41:00'),(543,136,'2015-05-03 17:41:00'),(544,28,'2015-05-03 16:53:00'),(544,66,'2011-05-05 13:57:00'),(544,101,'2015-05-03 16:52:00'),(544,136,'2015-05-03 11:37:00'),(545,28,'2015-05-03 10:21:00'),(545,66,'2011-05-05 09:15:00'),(545,101,'2015-05-03 11:44:00'),(545,136,'2015-05-03 10:13:00'),(546,28,'2015-05-03 16:21:00'),(546,66,'2011-05-05 15:51:00'),(546,101,'2015-05-03 11:39:00'),(546,136,'2015-05-03 15:40:00'),(547,28,'2015-05-03 16:39:00'),(547,66,'2011-05-05 10:12:00'),(547,101,'2015-05-03 11:37:00'),(547,136,'2015-05-03 17:19:00'),(548,28,'2015-05-03 14:32:00'),(548,66,'2011-05-05 15:12:00'),(548,101,'2015-05-03 10:27:00'),(548,136,'2015-05-03 16:48:00'),(549,28,'2015-05-03 14:07:00'),(549,66,'2011-05-05 14:03:00'),(549,101,'2015-05-03 09:08:00'),(549,136,'2015-05-03 11:33:00'),(550,28,'2015-05-03 15:40:00'),(550,66,'2011-05-05 16:57:00'),(550,101,'2015-05-03 16:29:00'),(550,136,'2015-05-03 12:31:00'),(551,28,'2015-05-03 17:00:00'),(551,66,'2011-05-05 13:38:00'),(551,101,'2015-05-03 13:27:00'),(551,136,'2015-05-03 12:21:00'),(552,28,'2015-05-03 14:34:00'),(552,66,'2011-05-05 12:28:00'),(552,101,'2015-05-03 09:11:00'),(552,136,'2015-05-03 14:44:00'),(553,28,'2015-05-03 09:01:00'),(553,66,'2011-05-05 09:03:00'),(553,101,'2015-05-03 09:15:00'),(553,136,'2015-05-03 10:27:00'),(554,28,'2015-05-03 17:50:00'),(554,66,'2011-05-05 15:04:00'),(554,101,'2015-05-03 15:08:00'),(554,136,'2015-05-03 14:46:00'),(555,28,'2015-05-03 13:50:00'),(555,66,'2011-05-05 12:06:00'),(555,101,'2015-05-03 10:16:00'),(555,136,'2015-05-03 09:22:00'),(556,28,'2015-05-03 17:55:00'),(556,66,'2011-05-05 12:42:00'),(556,101,'2015-05-03 09:34:00'),(556,136,'2015-05-03 12:59:00'),(557,28,'2015-05-03 15:08:00'),(557,66,'2011-05-05 15:40:00'),(557,101,'2015-05-03 14:07:00'),(557,136,'2015-05-03 10:13:00'),(558,28,'2015-05-03 14:06:00'),(558,66,'2011-05-05 11:30:00'),(558,101,'2015-05-03 12:04:00'),(558,136,'2015-05-03 17:26:00'),(559,28,'2015-05-03 13:51:00'),(559,66,'2011-05-05 13:16:00'),(559,101,'2015-05-03 17:38:00'),(559,136,'2015-05-03 14:52:00'),(560,28,'2015-05-03 11:23:00'),(560,66,'2011-05-05 12:01:00'),(560,101,'2015-05-03 16:42:00'),(560,136,'2015-05-03 14:23:00'),(561,29,'2015-05-03 14:43:00'),(561,67,'2011-05-05 14:47:00'),(561,102,'2015-05-03 09:23:00'),(561,137,'2015-05-03 16:10:00'),(562,29,'2015-05-03 16:07:00'),(562,67,'2011-05-05 12:19:00'),(562,102,'2015-05-03 14:12:00'),(562,137,'2015-05-03 12:52:00'),(563,29,'2015-05-03 10:06:00'),(563,67,'2011-05-05 15:44:00'),(563,102,'2015-05-03 11:24:00'),(563,137,'2015-05-03 13:15:00'),(564,29,'2015-05-03 14:36:00'),(564,67,'2011-05-05 14:40:00'),(564,102,'2015-05-03 14:54:00'),(564,137,'2015-05-03 16:19:00'),(565,29,'2015-05-03 09:16:00'),(565,67,'2011-05-05 09:14:00'),(565,102,'2015-05-03 14:09:00'),(565,137,'2015-05-03 15:22:00'),(566,29,'2015-05-03 13:29:00'),(566,67,'2011-05-05 17:58:00'),(566,102,'2015-05-03 15:15:00'),(566,137,'2015-05-03 16:23:00'),(567,29,'2015-05-03 14:54:00'),(567,67,'2011-05-05 14:00:00'),(567,102,'2015-05-03 09:09:00'),(567,137,'2015-05-03 11:22:00'),(568,29,'2015-05-03 10:53:00'),(568,67,'2011-05-05 13:27:00'),(568,102,'2015-05-03 14:34:00'),(568,137,'2015-05-03 13:00:00'),(569,29,'2015-05-03 16:00:00'),(569,67,'2011-05-05 15:38:00'),(569,102,'2015-05-03 13:12:00'),(569,137,'2015-05-03 13:28:00'),(570,29,'2015-05-03 13:57:00'),(570,67,'2011-05-05 14:44:00'),(570,102,'2015-05-03 11:46:00'),(570,137,'2015-05-03 14:30:00'),(571,29,'2015-05-03 09:14:00'),(571,67,'2011-05-05 13:02:00'),(571,102,'2015-05-03 09:23:00'),(571,137,'2015-05-03 13:30:00'),(572,29,'2015-05-03 11:50:00'),(572,67,'2011-05-05 09:59:00'),(572,102,'2015-05-03 10:21:00'),(572,137,'2015-05-03 10:57:00'),(573,29,'2015-05-03 09:54:00'),(573,67,'2011-05-05 13:07:00'),(573,102,'2015-05-03 16:41:00'),(573,137,'2015-05-03 09:21:00'),(574,29,'2015-05-03 13:59:00'),(574,67,'2011-05-05 12:49:00'),(574,102,'2015-05-03 09:11:00'),(574,137,'2015-05-03 09:17:00'),(575,29,'2015-05-03 12:52:00'),(575,67,'2011-05-05 10:53:00'),(575,102,'2015-05-03 17:02:00'),(575,137,'2015-05-03 13:55:00'),(576,29,'2015-05-03 14:09:00'),(576,67,'2011-05-05 10:58:00'),(576,102,'2015-05-03 10:02:00'),(576,137,'2015-05-03 10:06:00'),(577,29,'2015-05-03 17:59:00'),(577,67,'2011-05-05 17:58:00'),(577,102,'2015-05-03 09:08:00'),(577,137,'2015-05-03 17:54:00'),(578,29,'2015-05-03 17:16:00'),(578,67,'2011-05-05 10:49:00'),(578,102,'2015-05-03 16:04:00'),(578,137,'2015-05-03 11:56:00'),(579,29,'2015-05-03 09:52:00'),(579,67,'2011-05-05 17:21:00'),(579,102,'2015-05-03 11:34:00'),(579,137,'2015-05-03 15:15:00'),(580,29,'2015-05-03 15:45:00'),(580,67,'2011-05-05 09:53:00'),(580,102,'2015-05-03 09:39:00'),(580,137,'2015-05-03 11:09:00'),(581,30,'2015-05-03 15:11:00'),(581,68,'2011-05-05 17:41:00'),(581,103,'2015-05-03 17:23:00'),(581,138,'2015-05-03 09:26:00'),(582,30,'2015-05-03 09:21:00'),(582,68,'2011-05-05 13:14:00'),(582,103,'2015-05-03 15:50:00'),(582,138,'2015-05-03 10:02:00'),(583,30,'2015-05-03 10:16:00'),(583,68,'2011-05-05 10:07:00'),(583,103,'2015-05-03 17:45:00'),(583,138,'2015-05-03 10:51:00'),(584,30,'2015-05-03 17:11:00'),(584,68,'2011-05-05 16:03:00'),(584,103,'2015-05-03 11:14:00'),(584,138,'2015-05-03 14:47:00'),(585,30,'2015-05-03 16:52:00'),(585,68,'2011-05-05 16:43:00'),(585,103,'2015-05-03 15:46:00'),(585,138,'2015-05-03 16:23:00'),(586,30,'2015-05-03 11:58:00'),(586,68,'2011-05-05 12:14:00'),(586,103,'2015-05-03 13:14:00'),(586,138,'2015-05-03 14:46:00'),(587,30,'2015-05-03 13:51:00'),(587,68,'2011-05-05 17:56:00'),(587,103,'2015-05-03 10:26:00'),(587,138,'2015-05-03 14:46:00'),(588,30,'2015-05-03 15:41:00'),(588,68,'2011-05-05 12:01:00'),(588,103,'2015-05-03 15:59:00'),(588,138,'2015-05-03 09:45:00'),(589,30,'2015-05-03 11:25:00'),(589,68,'2011-05-05 13:33:00'),(589,103,'2015-05-03 11:26:00'),(589,138,'2015-05-03 16:05:00'),(590,30,'2015-05-03 11:11:00'),(590,68,'2011-05-05 12:10:00'),(590,103,'2015-05-03 15:07:00'),(590,138,'2015-05-03 12:34:00'),(591,30,'2015-05-03 15:45:00'),(591,68,'2011-05-05 14:16:00'),(591,103,'2015-05-03 11:48:00'),(591,138,'2015-05-03 13:30:00'),(592,30,'2015-05-03 10:53:00'),(592,68,'2011-05-05 15:40:00'),(592,103,'2015-05-03 09:22:00'),(592,138,'2015-05-03 17:27:00'),(593,30,'2015-05-03 11:00:00'),(593,68,'2011-05-05 17:38:00'),(593,103,'2015-05-03 12:18:00'),(593,138,'2015-05-03 16:38:00'),(594,30,'2015-05-03 15:21:00'),(594,68,'2011-05-05 10:45:00'),(594,103,'2015-05-03 10:28:00'),(594,138,'2015-05-03 11:28:00'),(595,30,'2015-05-03 11:22:00'),(595,68,'2011-05-05 10:43:00'),(595,103,'2015-05-03 13:24:00'),(595,138,'2015-05-03 10:33:00'),(596,30,'2015-05-03 14:31:00'),(596,68,'2011-05-05 09:54:00'),(596,103,'2015-05-03 10:53:00'),(596,138,'2015-05-03 14:23:00'),(597,30,'2015-05-03 10:37:00'),(597,68,'2011-05-05 12:56:00'),(597,103,'2015-05-03 17:44:00'),(597,138,'2015-05-03 10:31:00'),(598,30,'2015-05-03 13:37:00'),(598,68,'2011-05-05 11:31:00'),(598,103,'2015-05-03 15:55:00'),(598,138,'2015-05-03 11:08:00'),(599,30,'2015-05-03 14:41:00'),(599,68,'2011-05-05 16:51:00'),(599,103,'2015-05-03 10:34:00'),(599,138,'2015-05-03 15:42:00'),(600,30,'2015-05-03 16:53:00'),(600,68,'2011-05-05 13:20:00'),(600,103,'2015-05-03 17:28:00'),(600,138,'2015-05-03 10:08:00'),(601,31,'2015-05-03 10:14:00'),(601,69,'2011-05-05 13:01:00'),(601,104,'2015-05-03 11:32:00'),(601,139,'2015-05-03 11:15:00'),(602,31,'2015-05-03 14:02:00'),(602,69,'2011-05-05 16:34:00'),(602,104,'2015-05-03 09:52:00'),(602,139,'2015-05-03 10:16:00'),(603,31,'2015-05-03 11:44:00'),(603,69,'2011-05-05 16:55:00'),(603,104,'2015-05-03 10:14:00'),(603,139,'2015-05-03 16:25:00'),(604,31,'2015-05-03 14:52:00'),(604,69,'2011-05-05 14:50:00'),(604,104,'2015-05-03 11:02:00'),(604,139,'2015-05-03 16:16:00'),(605,31,'2015-05-03 17:26:00'),(605,69,'2011-05-05 16:17:00'),(605,104,'2015-05-03 17:21:00'),(605,139,'2015-05-03 17:16:00'),(606,31,'2015-05-03 15:30:00'),(606,69,'2011-05-05 11:41:00'),(606,104,'2015-05-03 09:10:00'),(606,139,'2015-05-03 11:52:00'),(607,31,'2015-05-03 11:21:00'),(607,69,'2011-05-05 13:35:00'),(607,104,'2015-05-03 13:25:00'),(607,139,'2015-05-03 09:20:00'),(608,31,'2015-05-03 10:27:00'),(608,69,'2011-05-05 17:14:00'),(608,104,'2015-05-03 10:00:00'),(608,139,'2015-05-03 15:15:00'),(609,31,'2015-05-03 09:21:00'),(609,69,'2011-05-05 15:05:00'),(609,104,'2015-05-03 11:54:00'),(609,139,'2015-05-03 10:17:00'),(610,31,'2015-05-03 16:04:00'),(610,69,'2011-05-05 13:06:00'),(610,104,'2015-05-03 12:53:00'),(610,139,'2015-05-03 17:28:00'),(611,31,'2015-05-03 15:56:00'),(611,69,'2011-05-05 10:22:00'),(611,104,'2015-05-03 12:38:00'),(611,139,'2015-05-03 15:34:00'),(612,31,'2015-05-03 09:21:00'),(612,69,'2011-05-05 13:28:00'),(612,104,'2015-05-03 10:48:00'),(612,139,'2015-05-03 16:58:00'),(613,31,'2015-05-03 10:44:00'),(613,69,'2011-05-05 14:16:00'),(613,104,'2015-05-03 10:32:00'),(613,139,'2015-05-03 13:01:00'),(614,31,'2015-05-03 11:53:00'),(614,69,'2011-05-05 10:02:00'),(614,104,'2015-05-03 15:54:00'),(614,139,'2015-05-03 11:53:00'),(615,31,'2015-05-03 12:12:00'),(615,69,'2011-05-05 12:17:00'),(615,104,'2015-05-03 16:35:00'),(615,139,'2015-05-03 09:18:00'),(616,31,'2015-05-03 14:29:00'),(616,69,'2011-05-05 10:33:00'),(616,104,'2015-05-03 14:52:00'),(616,139,'2015-05-03 12:06:00'),(617,31,'2015-05-03 17:36:00'),(617,69,'2011-05-05 15:40:00'),(617,104,'2015-05-03 09:15:00'),(617,139,'2015-05-03 11:39:00'),(618,31,'2015-05-03 14:31:00'),(618,69,'2011-05-05 11:09:00'),(618,104,'2015-05-03 17:17:00'),(618,139,'2015-05-03 11:50:00'),(619,31,'2015-05-03 12:15:00'),(619,69,'2011-05-05 15:41:00'),(619,104,'2015-05-03 11:18:00'),(619,139,'2015-05-03 12:43:00'),(620,31,'2015-05-03 13:59:00'),(620,69,'2011-05-05 10:21:00'),(620,104,'2015-05-03 09:10:00'),(620,139,'2015-05-03 10:43:00'),(621,32,'2015-05-03 09:22:00'),(621,70,'2011-05-05 14:22:00'),(621,105,'2015-05-03 16:13:00'),(621,140,'2015-05-03 09:02:00'),(622,32,'2015-05-03 15:43:00'),(622,70,'2011-05-05 12:35:00'),(622,105,'2015-05-03 09:21:00'),(622,140,'2015-05-03 14:20:00'),(623,32,'2015-05-03 16:22:00'),(623,70,'2011-05-05 16:43:00'),(623,105,'2015-05-03 10:34:00'),(623,140,'2015-05-03 16:35:00'),(624,32,'2015-05-03 11:31:00'),(624,70,'2011-05-05 15:54:00'),(624,105,'2015-05-03 16:45:00'),(624,140,'2015-05-03 11:58:00'),(625,32,'2015-05-03 16:20:00'),(625,70,'2011-05-05 11:46:00'),(625,105,'2015-05-03 09:17:00'),(625,140,'2015-05-03 14:56:00'),(626,32,'2015-05-03 13:55:00'),(626,70,'2011-05-05 17:29:00'),(626,105,'2015-05-03 12:16:00'),(626,140,'2015-05-03 17:18:00'),(627,32,'2015-05-03 14:36:00'),(627,70,'2011-05-05 13:55:00'),(627,105,'2015-05-03 13:43:00'),(627,140,'2015-05-03 14:03:00'),(628,32,'2015-05-03 14:44:00'),(628,70,'2011-05-05 09:44:00'),(628,105,'2015-05-03 15:14:00'),(628,140,'2015-05-03 15:28:00'),(629,32,'2015-05-03 13:17:00'),(629,70,'2011-05-05 15:56:00'),(629,105,'2015-05-03 16:03:00'),(629,140,'2015-05-03 12:55:00'),(630,32,'2015-05-03 14:08:00'),(630,70,'2011-05-05 11:54:00'),(630,105,'2015-05-03 12:11:00'),(630,140,'2015-05-03 10:34:00'),(631,32,'2015-05-03 15:27:00'),(631,70,'2011-05-05 12:35:00'),(631,105,'2015-05-03 16:31:00'),(631,140,'2015-05-03 16:02:00'),(632,32,'2015-05-03 17:06:00'),(632,70,'2011-05-05 12:15:00'),(632,105,'2015-05-03 13:33:00'),(632,140,'2015-05-03 16:57:00'),(633,32,'2015-05-03 15:51:00'),(633,70,'2011-05-05 10:41:00'),(633,105,'2015-05-03 09:56:00'),(633,140,'2015-05-03 14:56:00'),(634,32,'2015-05-03 16:54:00'),(634,70,'2011-05-05 09:53:00'),(634,105,'2015-05-03 10:46:00'),(634,140,'2015-05-03 13:44:00'),(635,32,'2015-05-03 11:08:00'),(635,70,'2011-05-05 09:41:00'),(635,105,'2015-05-03 14:38:00'),(635,140,'2015-05-03 14:20:00'),(636,32,'2015-05-03 16:42:00'),(636,70,'2011-05-05 17:46:00'),(636,105,'2015-05-03 09:56:00'),(636,140,'2015-05-03 14:05:00'),(637,32,'2015-05-03 16:20:00'),(637,70,'2011-05-05 15:46:00'),(637,105,'2015-05-03 17:49:00'),(637,140,'2015-05-03 09:01:00'),(638,32,'2015-05-03 15:11:00'),(638,70,'2011-05-05 14:31:00'),(638,105,'2015-05-03 14:59:00'),(638,140,'2015-05-03 12:13:00'),(639,32,'2015-05-03 09:27:00'),(639,70,'2011-05-05 16:30:00'),(639,105,'2015-05-03 12:56:00'),(639,140,'2015-05-03 17:13:00'),(640,32,'2015-05-03 17:06:00'),(640,70,'2011-05-05 17:05:00'),(640,105,'2015-05-03 12:53:00'),(640,140,'2015-05-03 15:49:00'),(641,33,'2015-05-03 10:05:00'),(641,71,'2011-05-05 13:36:00'),(641,106,'2015-05-03 11:37:00'),(641,141,'2015-05-03 16:29:00'),(642,33,'2015-05-03 11:14:00'),(642,71,'2011-05-05 13:47:00'),(642,106,'2015-05-03 16:09:00'),(642,141,'2015-05-03 11:46:00'),(643,33,'2015-05-03 11:04:00'),(643,71,'2011-05-05 17:07:00'),(643,106,'2015-05-03 13:28:00'),(643,141,'2015-05-03 11:20:00'),(644,33,'2015-05-03 15:08:00'),(644,71,'2011-05-05 16:55:00'),(644,106,'2015-05-03 14:13:00'),(644,141,'2015-05-03 14:58:00'),(645,33,'2015-05-03 09:21:00'),(645,71,'2011-05-05 17:41:00'),(645,106,'2015-05-03 09:55:00'),(645,141,'2015-05-03 12:37:00'),(646,33,'2015-05-03 16:57:00'),(646,71,'2011-05-05 11:11:00'),(646,106,'2015-05-03 12:10:00'),(646,141,'2015-05-03 16:24:00'),(647,33,'2015-05-03 11:44:00'),(647,71,'2011-05-05 11:20:00'),(647,106,'2015-05-03 09:40:00'),(647,141,'2015-05-03 12:31:00'),(648,33,'2015-05-03 14:58:00'),(648,71,'2011-05-05 10:34:00'),(648,106,'2015-05-03 09:45:00'),(648,141,'2015-05-03 16:47:00'),(649,33,'2015-05-03 12:57:00'),(649,71,'2011-05-05 10:37:00'),(649,106,'2015-05-03 13:30:00'),(649,141,'2015-05-03 17:09:00'),(650,33,'2015-05-03 15:07:00'),(650,71,'2011-05-05 11:58:00'),(650,106,'2015-05-03 17:17:00'),(650,141,'2015-05-03 09:38:00'),(651,33,'2015-05-03 16:07:00'),(651,71,'2011-05-05 16:09:00'),(651,106,'2015-05-03 15:55:00'),(651,141,'2015-05-03 17:21:00'),(652,33,'2015-05-03 15:23:00'),(652,71,'2011-05-05 14:00:00'),(652,106,'2015-05-03 13:18:00'),(652,141,'2015-05-03 09:01:00'),(653,33,'2015-05-03 10:54:00'),(653,71,'2011-05-05 13:29:00'),(653,106,'2015-05-03 13:34:00'),(653,141,'2015-05-03 16:02:00'),(654,33,'2015-05-03 11:28:00'),(654,71,'2011-05-05 17:54:00'),(654,106,'2015-05-03 14:15:00'),(654,141,'2015-05-03 15:11:00'),(655,33,'2015-05-03 17:28:00'),(655,71,'2011-05-05 15:36:00'),(655,106,'2015-05-03 09:49:00'),(655,141,'2015-05-03 15:37:00'),(656,33,'2015-05-03 16:34:00'),(656,71,'2011-05-05 10:29:00'),(656,106,'2015-05-03 15:37:00'),(656,141,'2015-05-03 16:16:00'),(657,33,'2015-05-03 09:50:00'),(657,71,'2011-05-05 09:47:00'),(657,106,'2015-05-03 16:48:00'),(657,141,'2015-05-03 13:19:00'),(658,33,'2015-05-03 15:56:00'),(658,71,'2011-05-05 16:16:00'),(658,106,'2015-05-03 16:58:00'),(658,141,'2015-05-03 12:52:00'),(659,33,'2015-05-03 12:06:00'),(659,71,'2011-05-05 13:57:00'),(659,106,'2015-05-03 11:44:00'),(659,141,'2015-05-03 12:14:00'),(660,33,'2015-05-03 16:56:00'),(660,71,'2011-05-05 13:46:00'),(660,106,'2015-05-03 09:31:00'),(660,141,'2015-05-03 10:44:00'),(661,34,'2015-05-03 16:39:00'),(661,72,'2011-05-05 13:15:00'),(661,107,'2015-05-03 12:34:00'),(661,142,'2015-05-03 13:36:00'),(662,34,'2015-05-03 16:37:00'),(662,72,'2011-05-05 15:53:00'),(662,107,'2015-05-03 12:22:00'),(662,142,'2015-05-03 12:36:00'),(663,34,'2015-05-03 11:36:00'),(663,72,'2011-05-05 10:49:00'),(663,107,'2015-05-03 12:54:00'),(663,142,'2015-05-03 09:05:00'),(664,34,'2015-05-03 17:24:00'),(664,72,'2011-05-05 14:18:00'),(664,107,'2015-05-03 11:56:00'),(664,142,'2015-05-03 09:31:00'),(665,34,'2015-05-03 16:46:00'),(665,72,'2011-05-05 14:48:00'),(665,107,'2015-05-03 17:56:00'),(665,142,'2015-05-03 10:56:00'),(666,34,'2015-05-03 11:03:00'),(666,72,'2011-05-05 15:49:00'),(666,107,'2015-05-03 14:49:00'),(666,142,'2015-05-03 11:36:00'),(667,34,'2015-05-03 17:42:00'),(667,72,'2011-05-05 10:06:00'),(667,107,'2015-05-03 09:29:00'),(667,142,'2015-05-03 17:43:00'),(668,34,'2015-05-03 12:51:00'),(668,72,'2011-05-05 14:35:00'),(668,107,'2015-05-03 15:31:00'),(668,142,'2015-05-03 14:08:00'),(669,34,'2015-05-03 16:49:00'),(669,72,'2011-05-05 15:25:00'),(669,107,'2015-05-03 11:44:00'),(669,142,'2015-05-03 09:20:00'),(670,34,'2015-05-03 16:49:00'),(670,72,'2011-05-05 16:11:00'),(670,107,'2015-05-03 10:03:00'),(670,142,'2015-05-03 12:58:00'),(671,34,'2015-05-03 10:49:00'),(671,72,'2011-05-05 14:41:00'),(671,107,'2015-05-03 16:51:00'),(671,142,'2015-05-03 14:33:00'),(672,34,'2015-05-03 13:22:00'),(672,72,'2011-05-05 11:23:00'),(672,107,'2015-05-03 10:11:00'),(672,142,'2015-05-03 11:18:00'),(673,34,'2015-05-03 09:04:00'),(673,72,'2011-05-05 13:50:00'),(673,107,'2015-05-03 11:11:00'),(673,142,'2015-05-03 09:49:00'),(674,34,'2015-05-03 15:00:00'),(674,72,'2011-05-05 16:21:00'),(674,107,'2015-05-03 10:50:00'),(674,142,'2015-05-03 11:46:00'),(675,34,'2015-05-03 10:45:00'),(675,72,'2011-05-05 10:50:00'),(675,107,'2015-05-03 13:53:00'),(675,142,'2015-05-03 16:01:00'),(676,34,'2015-05-03 11:59:00'),(676,72,'2011-05-05 15:10:00'),(676,107,'2015-05-03 13:57:00'),(676,142,'2015-05-03 16:57:00'),(677,34,'2015-05-03 15:11:00'),(677,72,'2011-05-05 09:55:00'),(677,107,'2015-05-03 11:18:00'),(677,142,'2015-05-03 12:23:00'),(678,34,'2015-05-03 12:33:00'),(678,72,'2011-05-05 13:37:00'),(678,107,'2015-05-03 14:19:00'),(678,142,'2015-05-03 14:45:00'),(679,34,'2015-05-03 14:55:00'),(679,72,'2011-05-05 16:26:00'),(679,107,'2015-05-03 15:44:00'),(679,142,'2015-05-03 13:54:00'),(680,34,'2015-05-03 12:29:00'),(680,72,'2011-05-05 13:51:00'),(680,107,'2015-05-03 16:48:00'),(680,142,'2015-05-03 13:18:00'),(681,35,'2015-05-03 14:43:00'),(681,73,'2011-05-05 11:38:00'),(681,108,'2015-05-03 12:27:00'),(681,143,'2015-05-03 09:55:00'),(682,35,'2015-05-03 12:59:00'),(682,73,'2011-05-05 16:16:00'),(682,108,'2015-05-03 17:55:00'),(682,143,'2015-05-03 16:05:00'),(683,35,'2015-05-03 15:56:00'),(683,73,'2011-05-05 11:46:00'),(683,108,'2015-05-03 10:18:00'),(683,143,'2015-05-03 17:52:00'),(684,35,'2015-05-03 12:07:00'),(684,73,'2011-05-05 11:15:00'),(684,108,'2015-05-03 11:11:00'),(684,143,'2015-05-03 16:55:00'),(685,35,'2015-05-03 17:19:00'),(685,73,'2011-05-05 15:28:00'),(685,108,'2015-05-03 10:54:00'),(685,143,'2015-05-03 10:14:00'),(686,35,'2015-05-03 09:53:00'),(686,73,'2011-05-05 11:05:00'),(686,108,'2015-05-03 14:10:00'),(686,143,'2015-05-03 11:29:00'),(687,35,'2015-05-03 11:58:00'),(687,73,'2011-05-05 12:21:00'),(687,108,'2015-05-03 13:37:00'),(687,143,'2015-05-03 17:24:00'),(688,35,'2015-05-03 09:45:00'),(688,73,'2011-05-05 11:33:00'),(688,108,'2015-05-03 16:47:00'),(688,143,'2015-05-03 12:42:00'),(689,35,'2015-05-03 09:45:00'),(689,73,'2011-05-05 11:47:00'),(689,108,'2015-05-03 09:12:00'),(689,143,'2015-05-03 12:35:00'),(690,35,'2015-05-03 09:05:00'),(690,73,'2011-05-05 13:12:00'),(690,108,'2015-05-03 12:07:00'),(690,143,'2015-05-03 13:53:00'),(691,35,'2015-05-03 09:14:00'),(691,73,'2011-05-05 15:13:00'),(691,108,'2015-05-03 15:48:00'),(691,143,'2015-05-03 09:52:00'),(692,35,'2015-05-03 15:33:00'),(692,73,'2011-05-05 10:50:00'),(692,108,'2015-05-03 10:49:00'),(692,143,'2015-05-03 10:31:00'),(693,35,'2015-05-03 09:43:00'),(693,73,'2011-05-05 14:04:00'),(693,108,'2015-05-03 13:25:00'),(693,143,'2015-05-03 13:30:00'),(694,35,'2015-05-03 16:14:00'),(694,73,'2011-05-05 10:53:00'),(694,108,'2015-05-03 11:05:00'),(694,143,'2015-05-03 13:28:00'),(695,35,'2015-05-03 17:49:00'),(695,73,'2011-05-05 17:50:00'),(695,108,'2015-05-03 11:55:00'),(695,143,'2015-05-03 12:06:00'),(696,35,'2015-05-03 16:39:00'),(696,73,'2011-05-05 09:41:00'),(696,108,'2015-05-03 10:33:00'),(696,143,'2015-05-03 09:47:00'),(697,35,'2015-05-03 11:23:00'),(697,73,'2011-05-05 11:59:00'),(697,108,'2015-05-03 09:41:00'),(697,143,'2015-05-03 13:52:00'),(698,35,'2015-05-03 11:16:00'),(698,73,'2011-05-05 17:52:00'),(698,108,'2015-05-03 13:53:00'),(698,143,'2015-05-03 14:14:00'),(699,35,'2015-05-03 14:53:00'),(699,73,'2011-05-05 15:44:00'),(699,108,'2015-05-03 10:15:00'),(699,143,'2015-05-03 10:00:00'),(700,35,'2015-05-03 10:23:00'),(700,73,'2011-05-05 12:53:00'),(700,108,'2015-05-03 11:02:00'),(700,143,'2015-05-03 11:09:00');
/*!40000 ALTER TABLE `vota_en` ENABLE KEYS */;
UNLOCK TABLES;

--
-- Table structure for table `voto`
--

DROP TABLE IF EXISTS `voto`;
/*!40101 SET @saved_cs_client     = @@character_set_client */;
/*!40101 SET character_set_client = utf8 */;
CREATE TABLE `voto` (
  `id_voto` int(11) NOT NULL AUTO_INCREMENT,
  `id_boleta` int(11) NOT NULL,
  `id_mesa` int(11) NOT NULL,
  PRIMARY KEY (`id_voto`),
  KEY `FK_voto_boleta` (`id_boleta`),
  KEY `FK_voto_mesa` (`id_mesa`),
  CONSTRAINT `voto_ibfk_1` FOREIGN KEY (`id_boleta`) REFERENCES `boleta` (`id_boleta`) ON DELETE CASCADE,
  CONSTRAINT `voto_ibfk_2` FOREIGN KEY (`id_mesa`) REFERENCES `mesa` (`id_mesa`) ON DELETE CASCADE
) ENGINE=InnoDB AUTO_INCREMENT=3901 DEFAULT CHARSET=utf8;
/*!40101 SET character_set_client = @saved_cs_client */;

--
-- Dumping data for table `voto`
--

LOCK TABLES `voto` WRITE;
/*!40000 ALTER TABLE `voto` DISABLE KEYS */;
INSERT INTO `voto` VALUES (1,1,1),(2,2,1),(3,4,1),(4,2,1),(5,2,1),(6,2,1),(7,5,1),(8,1,1),(9,3,1),(10,3,1),(11,4,1),(12,6,1),(13,1,1),(14,2,1),(15,5,1),(16,6,1),(17,6,1),(18,6,1),(19,1,1),(20,3,1),(21,4,2),(22,2,2),(23,1,2),(24,3,2),(25,4,2),(26,5,2),(27,4,2),(28,6,2),(29,5,2),(30,6,2),(31,2,2),(32,6,2),(33,2,2),(34,5,2),(35,5,2),(36,2,2),(37,4,2),(38,3,2),(39,6,2),(40,1,2),(41,2,3),(42,1,3),(43,1,3),(44,5,3),(45,3,3),(46,6,3),(47,6,3),(48,3,3),(49,4,3),(50,3,3),(51,3,3),(52,1,3),(53,2,3),(54,4,3),(55,5,3),(56,3,3),(57,5,3),(58,5,3),(59,3,3),(60,6,3),(61,5,4),(62,3,4),(63,6,4),(64,3,4),(65,4,4),(66,6,4),(67,5,4),(68,3,4),(69,3,4),(70,2,4),(71,1,4),(72,2,4),(73,5,4),(74,1,4),(75,3,4),(76,4,4),(77,2,4),(78,1,4),(79,5,4),(80,2,4),(81,6,5),(82,1,5),(83,4,5),(84,5,5),(85,3,5),(86,6,5),(87,1,5),(88,2,5),(89,5,5),(90,1,5),(91,5,5),(92,3,5),(93,1,5),(94,2,5),(95,3,5),(96,1,5),(97,4,5),(98,2,5),(99,2,5),(100,2,5),(101,5,6),(102,1,6),(103,5,6),(104,1,6),(105,6,6),(106,5,6),(107,4,6),(108,3,6),(109,3,6),(110,3,6),(111,2,6),(112,1,6),(113,4,6),(114,1,6),(115,1,6),(116,2,6),(117,3,6),(118,1,6),(119,1,6),(120,1,6),(121,2,7),(122,6,7),(123,5,7),(124,2,7),(125,5,7),(126,3,7),(127,6,7),(128,5,7),(129,5,7),(130,4,7),(131,6,7),(132,2,7),(133,1,7),(134,3,7),(135,5,7),(136,5,7),(137,5,7),(138,6,7),(139,3,7),(140,4,7),(141,6,8),(142,4,8),(143,3,8),(144,4,8),(145,1,8),(146,2,8),(147,1,8),(148,3,8),(149,5,8),(150,2,8),(151,3,8),(152,3,8),(153,2,8),(154,6,8),(155,5,8),(156,1,8),(157,5,8),(158,1,8),(159,2,8),(160,6,8),(161,2,9),(162,6,9),(163,4,9),(164,6,9),(165,5,9),(166,2,9),(167,4,9),(168,4,9),(169,2,9),(170,6,9),(171,6,9),(172,4,9),(173,4,9),(174,6,9),(175,4,9),(176,6,9),(177,6,9),(178,4,9),(179,2,9),(180,3,9),(181,3,10),(182,6,10),(183,2,10),(184,6,10),(185,5,10),(186,3,10),(187,5,10),(188,3,10),(189,1,10),(190,6,10),(191,3,10),(192,5,10),(193,1,10),(194,3,10),(195,5,10),(196,1,10),(197,2,10),(198,4,10),(199,3,10),(200,4,10),(201,2,11),(202,2,11),(203,1,11),(204,3,11),(205,3,11),(206,3,11),(207,6,11),(208,4,11),(209,6,11),(210,4,11),(211,6,11),(212,1,11),(213,6,11),(214,4,11),(215,5,11),(216,4,11),(217,6,11),(218,2,11),(219,6,11),(220,6,11),(221,3,12),(222,4,12),(223,1,12),(224,2,12),(225,2,12),(226,3,12),(227,3,12),(228,3,12),(229,3,12),(230,1,12),(231,1,12),(232,1,12),(233,4,12),(234,1,12),(235,4,12),(236,1,12),(237,6,12),(238,3,12),(239,1,12),(240,1,12),(241,1,13),(242,1,13),(243,6,13),(244,1,13),(245,5,13),(246,3,13),(247,3,13),(248,4,13),(249,2,13),(250,5,13),(251,1,13),(252,4,13),(253,4,13),(254,4,13),(255,2,13),(256,4,13),(257,3,13),(258,6,13),(259,2,13),(260,6,13),(261,5,14),(262,4,14),(263,2,14),(264,4,14),(265,5,14),(266,2,14),(267,2,14),(268,1,14),(269,6,14),(270,4,14),(271,5,14),(272,1,14),(273,1,14),(274,4,14),(275,2,14),(276,2,14),(277,1,14),(278,2,14),(279,2,14),(280,1,14),(281,4,15),(282,4,15),(283,4,15),(284,5,15),(285,4,15),(286,6,15),(287,1,15),(288,3,15),(289,1,15),(290,6,15),(291,2,15),(292,5,15),(293,2,15),(294,2,15),(295,2,15),(296,3,15),(297,1,15),(298,2,15),(299,4,15),(300,3,15),(301,2,16),(302,6,16),(303,4,16),(304,2,16),(305,3,16),(306,6,16),(307,2,16),(308,6,16),(309,4,16),(310,3,16),(311,4,16),(312,1,16),(313,4,16),(314,2,16),(315,1,16),(316,1,16),(317,5,16),(318,6,16),(319,1,16),(320,6,16),(321,2,17),(322,1,17),(323,5,17),(324,1,17),(325,6,17),(326,5,17),(327,5,17),(328,4,17),(329,6,17),(330,2,17),(331,5,17),(332,4,17),(333,5,17),(334,2,17),(335,6,17),(336,5,17),(337,1,17),(338,5,17),(339,1,17),(340,2,17),(341,5,18),(342,4,18),(343,2,18),(344,3,18),(345,4,18),(346,6,18),(347,2,18),(348,5,18),(349,5,18),(350,5,18),(351,6,18),(352,2,18),(353,3,18),(354,4,18),(355,3,18),(356,4,18),(357,6,18),(358,5,18),(359,4,18),(360,2,18),(361,5,19),(362,4,19),(363,4,19),(364,1,19),(365,6,19),(366,5,19),(367,4,19),(368,5,19),(369,4,19),(370,4,19),(371,6,19),(372,6,19),(373,6,19),(374,2,19),(375,1,19),(376,5,19),(377,3,19),(378,6,19),(379,6,19),(380,6,19),(381,4,20),(382,5,20),(383,6,20),(384,2,20),(385,3,20),(386,4,20),(387,6,20),(388,1,20),(389,4,20),(390,5,20),(391,4,20),(392,6,20),(393,4,20),(394,3,20),(395,2,20),(396,4,20),(397,6,20),(398,2,20),(399,4,20),(400,6,20),(401,4,21),(402,3,21),(403,5,21),(404,2,21),(405,4,21),(406,6,21),(407,5,21),(408,3,21),(409,1,21),(410,2,21),(411,1,21),(412,4,21),(413,4,21),(414,1,21),(415,6,21),(416,3,21),(417,1,21),(418,1,21),(419,2,21),(420,1,21),(421,3,22),(422,2,22),(423,3,22),(424,1,22),(425,3,22),(426,3,22),(427,4,22),(428,2,22),(429,1,22),(430,4,22),(431,5,22),(432,2,22),(433,2,22),(434,5,22),(435,4,22),(436,2,22),(437,6,22),(438,1,22),(439,1,22),(440,1,22),(441,1,23),(442,6,23),(443,2,23),(444,6,23),(445,4,23),(446,3,23),(447,3,23),(448,6,23),(449,5,23),(450,4,23),(451,6,23),(452,3,23),(453,1,23),(454,5,23),(455,2,23),(456,4,23),(457,5,23),(458,5,23),(459,1,23),(460,5,23),(461,4,24),(462,6,24),(463,3,24),(464,1,24),(465,5,24),(466,1,24),(467,1,24),(468,2,24),(469,5,24),(470,5,24),(471,3,24),(472,6,24),(473,1,24),(474,1,24),(475,3,24),(476,2,24),(477,2,24),(478,5,24),(479,5,24),(480,3,24),(481,5,25),(482,2,25),(483,1,25),(484,1,25),(485,1,25),(486,2,25),(487,6,25),(488,3,25),(489,1,25),(490,3,25),(491,2,25),(492,4,25),(493,6,25),(494,3,25),(495,1,25),(496,4,25),(497,4,25),(498,2,25),(499,1,25),(500,3,25),(501,2,26),(502,6,26),(503,5,26),(504,2,26),(505,2,26),(506,2,26),(507,2,26),(508,3,26),(509,3,26),(510,5,26),(511,1,26),(512,5,26),(513,6,26),(514,1,26),(515,1,26),(516,4,26),(517,2,26),(518,4,26),(519,6,26),(520,3,26),(521,4,27),(522,5,27),(523,3,27),(524,6,27),(525,6,27),(526,4,27),(527,3,27),(528,3,27),(529,6,27),(530,6,27),(531,1,27),(532,4,27),(533,4,27),(534,4,27),(535,5,27),(536,4,27),(537,3,27),(538,3,27),(539,3,27),(540,1,27),(541,2,28),(542,2,28),(543,4,28),(544,3,28),(545,3,28),(546,4,28),(547,5,28),(548,1,28),(549,5,28),(550,1,28),(551,4,28),(552,3,28),(553,5,28),(554,1,28),(555,3,28),(556,1,28),(557,4,28),(558,2,28),(559,5,28),(560,4,28),(561,3,29),(562,3,29),(563,2,29),(564,2,29),(565,1,29),(566,4,29),(567,3,29),(568,6,29),(569,4,29),(570,1,29),(571,6,29),(572,5,29),(573,3,29),(574,2,29),(575,1,29),(576,5,29),(577,5,29),(578,4,29),(579,5,29),(580,6,29),(581,1,30),(582,2,30),(583,2,30),(584,1,30),(585,3,30),(586,2,30),(587,6,30),(588,2,30),(589,4,30),(590,2,30),(591,6,30),(592,3,30),(593,5,30),(594,5,30),(595,3,30),(596,3,30),(597,5,30),(598,3,30),(599,3,30),(600,4,30),(601,2,31),(602,1,31),(603,2,31),(604,5,31),(605,4,31),(606,2,31),(607,5,31),(608,5,31),(609,1,31),(610,5,31),(611,4,31),(612,2,31),(613,2,31),(614,6,31),(615,3,31),(616,6,31),(617,2,31),(618,3,31),(619,5,31),(620,4,31),(621,5,32),(622,2,32),(623,4,32),(624,2,32),(625,6,32),(626,6,32),(627,1,32),(628,3,32),(629,1,32),(630,1,32),(631,1,32),(632,3,32),(633,5,32),(634,3,32),(635,3,32),(636,5,32),(637,1,32),(638,2,32),(639,6,32),(640,5,32),(641,4,33),(642,2,33),(643,2,33),(644,4,33),(645,2,33),(646,2,33),(647,2,33),(648,1,33),(649,2,33),(650,6,33),(651,3,33),(652,1,33),(653,3,33),(654,1,33),(655,4,33),(656,2,33),(657,6,33),(658,4,33),(659,6,33),(660,4,33),(661,3,34),(662,1,34),(663,3,34),(664,1,34),(665,3,34),(666,4,34),(667,3,34),(668,2,34),(669,1,34),(670,5,34),(671,4,34),(672,2,34),(673,6,34),(674,5,34),(675,6,34),(676,2,34),(677,4,34),(678,4,34),(679,4,34),(680,2,34),(681,1,35),(682,1,35),(683,6,35),(684,2,35),(685,6,35),(686,2,35),(687,4,35),(688,6,35),(689,6,35),(690,1,35),(691,3,35),(692,1,35),(693,6,35),(694,5,35),(695,5,35),(696,2,35),(697,4,35),(698,1,35),(699,2,35),(700,3,35),(701,7,36),(702,7,36),(703,7,36),(704,9,36),(705,9,36),(706,7,36),(707,8,36),(708,8,36),(709,8,36),(710,7,36),(711,7,36),(712,9,36),(713,7,36),(714,8,36),(715,7,36),(716,7,36),(717,8,36),(718,7,36),(719,9,36),(720,7,36),(721,8,37),(722,9,37),(723,7,37),(724,8,37),(725,7,37),(726,7,37),(727,9,37),(728,9,37),(729,8,37),(730,9,37),(731,7,37),(732,9,37),(733,8,37),(734,9,37),(735,8,37),(736,7,37),(737,7,37),(738,8,37),(739,7,37),(740,7,37),(741,7,38),(742,7,38),(743,8,38),(744,9,38),(745,7,38),(746,7,38),(747,7,38),(748,8,38),(749,8,38),(750,8,38),(751,10,39),(752,11,39),(753,11,39),(754,11,39),(755,11,39),(756,13,39),(757,12,39),(758,12,39),(759,10,39),(760,13,39),(761,11,39),(762,12,39),(763,12,39),(764,13,39),(765,11,39),(766,13,39),(767,13,39),(768,11,39),(769,11,39),(770,12,39),(771,13,40),(772,10,40),(773,12,40),(774,10,40),(775,12,40),(776,11,40),(777,11,40),(778,10,40),(779,13,40),(780,10,40),(781,13,40),(782,11,40),(783,12,40),(784,12,40),(785,12,40),(786,12,40),(787,13,40),(788,10,40),(789,11,40),(790,12,40),(791,10,41),(792,12,41),(793,12,41),(794,10,41),(795,11,41),(796,12,41),(797,13,41),(798,13,41),(799,10,41),(800,12,41),(801,13,41),(802,11,41),(803,12,41),(804,11,41),(805,12,41),(806,12,41),(807,12,41),(808,13,41),(809,10,41),(810,10,41),(811,13,42),(812,10,42),(813,11,42),(814,13,42),(815,10,42),(816,13,42),(817,12,42),(818,13,42),(819,13,42),(820,12,42),(821,12,42),(822,13,42),(823,10,42),(824,13,42),(825,11,42),(826,13,42),(827,13,42),(828,13,42),(829,12,42),(830,10,42),(831,11,43),(832,12,43),(833,12,43),(834,11,43),(835,12,43),(836,10,43),(837,11,43),(838,10,43),(839,13,43),(840,13,43),(841,12,43),(842,12,43),(843,12,43),(844,10,43),(845,11,43),(846,11,43),(847,11,43),(848,12,43),(849,10,43),(850,10,43),(851,13,44),(852,13,44),(853,13,44),(854,10,44),(855,11,44),(856,11,44),(857,10,44),(858,12,44),(859,13,44),(860,13,44),(861,12,44),(862,10,44),(863,13,44),(864,11,44),(865,11,44),(866,13,44),(867,11,44),(868,10,44),(869,12,44),(870,13,44),(871,12,45),(872,13,45),(873,10,45),(874,11,45),(875,13,45),(876,13,45),(877,10,45),(878,11,45),(879,12,45),(880,10,45),(881,10,45),(882,12,45),(883,10,45),(884,12,45),(885,13,45),(886,12,45),(887,10,45),(888,10,45),(889,10,45),(890,10,45),(891,10,46),(892,11,46),(893,10,46),(894,11,46),(895,13,46),(896,11,46),(897,11,46),(898,12,46),(899,13,46),(900,11,46),(901,12,46),(902,11,46),(903,13,46),(904,13,46),(905,12,46),(906,10,46),(907,10,46),(908,10,46),(909,12,46),(910,10,46),(911,10,47),(912,12,47),(913,13,47),(914,10,47),(915,11,47),(916,12,47),(917,12,47),(918,12,47),(919,13,47),(920,11,47),(921,13,47),(922,12,47),(923,10,47),(924,10,47),(925,11,47),(926,13,47),(927,12,47),(928,11,47),(929,10,47),(930,10,47),(931,13,48),(932,12,48),(933,11,48),(934,10,48),(935,10,48),(936,12,48),(937,10,48),(938,13,48),(939,13,48),(940,12,48),(941,10,48),(942,11,48),(943,12,48),(944,12,48),(945,10,48),(946,11,48),(947,12,48),(948,13,48),(949,12,48),(950,11,48),(951,13,49),(952,13,49),(953,12,49),(954,12,49),(955,12,49),(956,10,49),(957,12,49),(958,13,49),(959,11,49),(960,10,49),(961,10,49),(962,12,49),(963,10,49),(964,12,49),(965,13,49),(966,10,49),(967,11,49),(968,12,49),(969,13,49),(970,12,49),(971,10,50),(972,11,50),(973,13,50),(974,10,50),(975,13,50),(976,11,50),(977,13,50),(978,10,50),(979,11,50),(980,11,50),(981,13,50),(982,13,50),(983,11,50),(984,10,50),(985,11,50),(986,10,50),(987,10,50),(988,12,50),(989,11,50),(990,12,50),(991,13,51),(992,11,51),(993,11,51),(994,11,51),(995,13,51),(996,11,51),(997,10,51),(998,11,51),(999,11,51),(1000,10,51),(1001,10,51),(1002,10,51),(1003,11,51),(1004,12,51),(1005,10,51),(1006,12,51),(1007,12,51),(1008,13,51),(1009,13,51),(1010,10,51),(1011,13,52),(1012,12,52),(1013,11,52),(1014,11,52),(1015,11,52),(1016,13,52),(1017,13,52),(1018,12,52),(1019,12,52),(1020,11,52),(1021,13,52),(1022,13,52),(1023,13,52),(1024,11,52),(1025,10,52),(1026,11,52),(1027,10,52),(1028,12,52),(1029,11,52),(1030,11,52),(1031,12,53),(1032,11,53),(1033,12,53),(1034,12,53),(1035,12,53),(1036,10,53),(1037,10,53),(1038,10,53),(1039,12,53),(1040,10,53),(1041,13,53),(1042,11,53),(1043,10,53),(1044,10,53),(1045,12,53),(1046,10,53),(1047,12,53),(1048,11,53),(1049,11,53),(1050,13,53),(1051,11,54),(1052,11,54),(1053,11,54),(1054,13,54),(1055,13,54),(1056,12,54),(1057,10,54),(1058,11,54),(1059,13,54),(1060,13,54),(1061,11,54),(1062,13,54),(1063,13,54),(1064,13,54),(1065,11,54),(1066,10,54),(1067,10,54),(1068,13,54),(1069,13,54),(1070,13,54),(1071,10,55),(1072,12,55),(1073,13,55),(1074,10,55),(1075,13,55),(1076,11,55),(1077,12,55),(1078,10,55),(1079,11,55),(1080,11,55),(1081,11,55),(1082,13,55),(1083,13,55),(1084,12,55),(1085,11,55),(1086,10,55),(1087,12,55),(1088,12,55),(1089,12,55),(1090,10,55),(1091,11,56),(1092,12,56),(1093,12,56),(1094,10,56),(1095,12,56),(1096,13,56),(1097,11,56),(1098,11,56),(1099,11,56),(1100,12,56),(1101,11,56),(1102,12,56),(1103,12,56),(1104,12,56),(1105,12,56),(1106,12,56),(1107,13,56),(1108,10,56),(1109,13,56),(1110,11,56),(1111,12,57),(1112,11,57),(1113,11,57),(1114,13,57),(1115,12,57),(1116,13,57),(1117,13,57),(1118,10,57),(1119,13,57),(1120,13,57),(1121,11,57),(1122,10,57),(1123,12,57),(1124,10,57),(1125,12,57),(1126,13,57),(1127,11,57),(1128,13,57),(1129,10,57),(1130,10,57),(1131,11,58),(1132,13,58),(1133,10,58),(1134,11,58),(1135,13,58),(1136,11,58),(1137,13,58),(1138,12,58),(1139,11,58),(1140,11,58),(1141,12,58),(1142,11,58),(1143,11,58),(1144,13,58),(1145,11,58),(1146,10,58),(1147,13,58),(1148,10,58),(1149,11,58),(1150,11,58),(1151,13,59),(1152,11,59),(1153,11,59),(1154,11,59),(1155,10,59),(1156,13,59),(1157,11,59),(1158,12,59),(1159,11,59),(1160,10,59),(1161,11,59),(1162,10,59),(1163,13,59),(1164,13,59),(1165,13,59),(1166,12,59),(1167,12,59),(1168,11,59),(1169,13,59),(1170,10,59),(1171,10,60),(1172,11,60),(1173,12,60),(1174,10,60),(1175,12,60),(1176,12,60),(1177,12,60),(1178,13,60),(1179,10,60),(1180,11,60),(1181,10,60),(1182,10,60),(1183,10,60),(1184,11,60),(1185,10,60),(1186,10,60),(1187,12,60),(1188,12,60),(1189,11,60),(1190,13,60),(1191,10,61),(1192,11,61),(1193,12,61),(1194,12,61),(1195,13,61),(1196,12,61),(1197,10,61),(1198,11,61),(1199,11,61),(1200,13,61),(1201,12,61),(1202,10,61),(1203,13,61),(1204,12,61),(1205,10,61),(1206,11,61),(1207,12,61),(1208,13,61),(1209,12,61),(1210,12,61),(1211,10,62),(1212,10,62),(1213,13,62),(1214,10,62),(1215,10,62),(1216,13,62),(1217,10,62),(1218,12,62),(1219,12,62),(1220,12,62),(1221,11,62),(1222,13,62),(1223,12,62),(1224,13,62),(1225,12,62),(1226,12,62),(1227,10,62),(1228,12,62),(1229,13,62),(1230,11,62),(1231,11,63),(1232,13,63),(1233,12,63),(1234,11,63),(1235,12,63),(1236,10,63),(1237,12,63),(1238,11,63),(1239,11,63),(1240,10,63),(1241,10,63),(1242,11,63),(1243,13,63),(1244,10,63),(1245,10,63),(1246,10,63),(1247,10,63),(1248,11,63),(1249,10,63),(1250,12,63),(1251,10,64),(1252,12,64),(1253,11,64),(1254,10,64),(1255,12,64),(1256,11,64),(1257,10,64),(1258,11,64),(1259,13,64),(1260,13,64),(1261,10,64),(1262,11,64),(1263,12,64),(1264,12,64),(1265,12,64),(1266,12,64),(1267,12,64),(1268,13,64),(1269,13,64),(1270,13,64),(1271,10,65),(1272,13,65),(1273,12,65),(1274,13,65),(1275,12,65),(1276,13,65),(1277,12,65),(1278,10,65),(1279,10,65),(1280,12,65),(1281,11,65),(1282,12,65),(1283,12,65),(1284,10,65),(1285,12,65),(1286,13,65),(1287,13,65),(1288,11,65),(1289,10,65),(1290,12,65),(1291,11,66),(1292,10,66),(1293,11,66),(1294,13,66),(1295,10,66),(1296,12,66),(1297,13,66),(1298,12,66),(1299,13,66),(1300,13,66),(1301,13,66),(1302,11,66),(1303,10,66),(1304,11,66),(1305,11,66),(1306,12,66),(1307,11,66),(1308,11,66),(1309,12,66),(1310,10,66),(1311,10,67),(1312,13,67),(1313,11,67),(1314,13,67),(1315,11,67),(1316,12,67),(1317,12,67),(1318,10,67),(1319,11,67),(1320,11,67),(1321,11,67),(1322,11,67),(1323,13,67),(1324,12,67),(1325,10,67),(1326,12,67),(1327,12,67),(1328,10,67),(1329,12,67),(1330,12,67),(1331,10,68),(1332,12,68),(1333,13,68),(1334,13,68),(1335,10,68),(1336,13,68),(1337,12,68),(1338,13,68),(1339,12,68),(1340,13,68),(1341,13,68),(1342,10,68),(1343,13,68),(1344,13,68),(1345,11,68),(1346,10,68),(1347,11,68),(1348,10,68),(1349,10,68),(1350,12,68),(1351,13,69),(1352,10,69),(1353,10,69),(1354,12,69),(1355,12,69),(1356,12,69),(1357,11,69),(1358,10,69),(1359,12,69),(1360,10,69),(1361,11,69),(1362,11,69),(1363,12,69),(1364,13,69),(1365,13,69),(1366,11,69),(1367,13,69),(1368,11,69),(1369,13,69),(1370,11,69),(1371,10,70),(1372,12,70),(1373,11,70),(1374,12,70),(1375,12,70),(1376,10,70),(1377,13,70),(1378,11,70),(1379,12,70),(1380,13,70),(1381,11,70),(1382,11,70),(1383,13,70),(1384,12,70),(1385,12,70),(1386,10,70),(1387,12,70),(1388,11,70),(1389,10,70),(1390,13,70),(1391,12,71),(1392,12,71),(1393,10,71),(1394,12,71),(1395,13,71),(1396,11,71),(1397,13,71),(1398,12,71),(1399,13,71),(1400,12,71),(1401,13,71),(1402,13,71),(1403,10,71),(1404,12,71),(1405,10,71),(1406,11,71),(1407,12,71),(1408,12,71),(1409,12,71),(1410,11,71),(1411,10,72),(1412,12,72),(1413,10,72),(1414,10,72),(1415,12,72),(1416,12,72),(1417,10,72),(1418,12,72),(1419,10,72),(1420,10,72),(1421,13,72),(1422,12,72),(1423,11,72),(1424,10,72),(1425,12,72),(1426,10,72),(1427,13,72),(1428,11,72),(1429,13,72),(1430,10,72),(1431,10,73),(1432,10,73),(1433,13,73),(1434,11,73),(1435,10,73),(1436,13,73),(1437,12,73),(1438,11,73),(1439,10,73),(1440,13,73),(1441,12,73),(1442,11,73),(1443,10,73),(1444,10,73),(1445,12,73),(1446,10,73),(1447,10,73),(1448,12,73),(1449,10,73),(1450,10,73),(1451,15,74),(1452,15,74),(1453,17,74),(1454,15,74),(1455,16,74),(1456,14,74),(1457,16,74),(1458,14,74),(1459,16,74),(1460,17,74),(1461,17,74),(1462,16,74),(1463,17,74),(1464,15,74),(1465,14,74),(1466,17,74),(1467,14,74),(1468,16,74),(1469,16,74),(1470,17,74),(1471,15,75),(1472,16,75),(1473,14,75),(1474,17,75),(1475,17,75),(1476,17,75),(1477,14,75),(1478,14,75),(1479,15,75),(1480,15,75),(1481,15,75),(1482,16,75),(1483,17,75),(1484,16,75),(1485,17,75),(1486,17,75),(1487,14,75),(1488,15,75),(1489,15,75),(1490,16,75),(1491,15,76),(1492,15,76),(1493,14,76),(1494,14,76),(1495,17,76),(1496,14,76),(1497,14,76),(1498,14,76),(1499,15,76),(1500,14,76),(1501,16,76),(1502,15,76),(1503,17,76),(1504,14,76),(1505,14,76),(1506,14,76),(1507,14,76),(1508,16,76),(1509,17,76),(1510,17,76),(1511,17,77),(1512,16,77),(1513,15,77),(1514,16,77),(1515,14,77),(1516,15,77),(1517,17,77),(1518,17,77),(1519,16,77),(1520,15,77),(1521,17,77),(1522,17,77),(1523,14,77),(1524,14,77),(1525,15,77),(1526,15,77),(1527,14,77),(1528,17,77),(1529,15,77),(1530,16,77),(1531,16,78),(1532,14,78),(1533,15,78),(1534,16,78),(1535,15,78),(1536,16,78),(1537,15,78),(1538,14,78),(1539,14,78),(1540,15,78),(1541,14,78),(1542,14,78),(1543,17,78),(1544,14,78),(1545,14,78),(1546,15,78),(1547,16,78),(1548,14,78),(1549,16,78),(1550,15,78),(1551,17,79),(1552,15,79),(1553,17,79),(1554,16,79),(1555,17,79),(1556,16,79),(1557,15,79),(1558,14,79),(1559,17,79),(1560,17,79),(1561,14,79),(1562,17,79),(1563,17,79),(1564,17,79),(1565,17,79),(1566,14,79),(1567,17,79),(1568,16,79),(1569,14,79),(1570,14,79),(1571,17,80),(1572,15,80),(1573,16,80),(1574,17,80),(1575,16,80),(1576,17,80),(1577,17,80),(1578,15,80),(1579,14,80),(1580,16,80),(1581,17,80),(1582,16,80),(1583,16,80),(1584,14,80),(1585,15,80),(1586,15,80),(1587,14,80),(1588,16,80),(1589,14,80),(1590,17,80),(1591,14,81),(1592,17,81),(1593,15,81),(1594,17,81),(1595,14,81),(1596,16,81),(1597,16,81),(1598,14,81),(1599,15,81),(1600,15,81),(1601,14,81),(1602,16,81),(1603,16,81),(1604,15,81),(1605,15,81),(1606,14,81),(1607,16,81),(1608,17,81),(1609,14,81),(1610,15,81),(1611,16,82),(1612,15,82),(1613,14,82),(1614,16,82),(1615,17,82),(1616,15,82),(1617,14,82),(1618,16,82),(1619,17,82),(1620,14,82),(1621,14,82),(1622,14,82),(1623,14,82),(1624,17,82),(1625,16,82),(1626,17,82),(1627,14,82),(1628,15,82),(1629,16,82),(1630,16,82),(1631,17,83),(1632,14,83),(1633,15,83),(1634,17,83),(1635,15,83),(1636,14,83),(1637,16,83),(1638,14,83),(1639,14,83),(1640,16,83),(1641,14,83),(1642,16,83),(1643,17,83),(1644,17,83),(1645,15,83),(1646,15,83),(1647,16,83),(1648,16,83),(1649,15,83),(1650,15,83),(1651,15,84),(1652,16,84),(1653,17,84),(1654,16,84),(1655,17,84),(1656,16,84),(1657,15,84),(1658,15,84),(1659,17,84),(1660,15,84),(1661,14,84),(1662,16,84),(1663,16,84),(1664,15,84),(1665,17,84),(1666,14,84),(1667,16,84),(1668,17,84),(1669,15,84),(1670,16,84),(1671,16,85),(1672,14,85),(1673,14,85),(1674,14,85),(1675,14,85),(1676,17,85),(1677,16,85),(1678,16,85),(1679,14,85),(1680,17,85),(1681,14,85),(1682,17,85),(1683,14,85),(1684,17,85),(1685,17,85),(1686,15,85),(1687,14,85),(1688,14,85),(1689,15,85),(1690,14,85),(1691,15,86),(1692,16,86),(1693,14,86),(1694,17,86),(1695,17,86),(1696,14,86),(1697,15,86),(1698,17,86),(1699,16,86),(1700,16,86),(1701,16,86),(1702,15,86),(1703,14,86),(1704,17,86),(1705,17,86),(1706,17,86),(1707,15,86),(1708,14,86),(1709,17,86),(1710,14,86),(1711,14,87),(1712,16,87),(1713,16,87),(1714,15,87),(1715,16,87),(1716,15,87),(1717,14,87),(1718,16,87),(1719,15,87),(1720,17,87),(1721,17,87),(1722,16,87),(1723,16,87),(1724,17,87),(1725,16,87),(1726,16,87),(1727,17,87),(1728,16,87),(1729,16,87),(1730,17,87),(1731,16,88),(1732,15,88),(1733,14,88),(1734,14,88),(1735,15,88),(1736,14,88),(1737,16,88),(1738,17,88),(1739,15,88),(1740,15,88),(1741,17,88),(1742,15,88),(1743,17,88),(1744,17,88),(1745,14,88),(1746,14,88),(1747,16,88),(1748,16,88),(1749,15,88),(1750,17,88),(1751,15,89),(1752,14,89),(1753,17,89),(1754,15,89),(1755,15,89),(1756,17,89),(1757,14,89),(1758,14,89),(1759,17,89),(1760,15,89),(1761,16,89),(1762,15,89),(1763,15,89),(1764,15,89),(1765,16,89),(1766,14,89),(1767,14,89),(1768,16,89),(1769,17,89),(1770,17,89),(1771,15,90),(1772,17,90),(1773,16,90),(1774,16,90),(1775,15,90),(1776,17,90),(1777,17,90),(1778,15,90),(1779,15,90),(1780,15,90),(1781,15,90),(1782,16,90),(1783,15,90),(1784,16,90),(1785,15,90),(1786,15,90),(1787,16,90),(1788,15,90),(1789,14,90),(1790,16,90),(1791,14,91),(1792,14,91),(1793,16,91),(1794,16,91),(1795,17,91),(1796,15,91),(1797,14,91),(1798,15,91),(1799,17,91),(1800,14,91),(1801,15,91),(1802,17,91),(1803,16,91),(1804,15,91),(1805,16,91),(1806,15,91),(1807,17,91),(1808,15,91),(1809,16,91),(1810,17,91),(1811,15,92),(1812,16,92),(1813,14,92),(1814,15,92),(1815,14,92),(1816,14,92),(1817,14,92),(1818,14,92),(1819,15,92),(1820,15,92),(1821,17,92),(1822,15,92),(1823,16,92),(1824,16,92),(1825,17,92),(1826,15,92),(1827,17,92),(1828,14,92),(1829,14,92),(1830,15,92),(1831,14,93),(1832,17,93),(1833,16,93),(1834,15,93),(1835,15,93),(1836,14,93),(1837,14,93),(1838,15,93),(1839,14,93),(1840,15,93),(1841,16,93),(1842,17,93),(1843,16,93),(1844,16,93),(1845,15,93),(1846,17,93),(1847,16,93),(1848,15,93),(1849,15,93),(1850,17,93),(1851,17,94),(1852,16,94),(1853,16,94),(1854,15,94),(1855,15,94),(1856,16,94),(1857,15,94),(1858,17,94),(1859,17,94),(1860,15,94),(1861,15,94),(1862,14,94),(1863,16,94),(1864,14,94),(1865,15,94),(1866,16,94),(1867,15,94),(1868,17,94),(1869,14,94),(1870,16,94),(1871,16,95),(1872,15,95),(1873,15,95),(1874,15,95),(1875,16,95),(1876,16,95),(1877,16,95),(1878,15,95),(1879,16,95),(1880,17,95),(1881,14,95),(1882,16,95),(1883,17,95),(1884,14,95),(1885,17,95),(1886,14,95),(1887,15,95),(1888,14,95),(1889,17,95),(1890,14,95),(1891,16,96),(1892,14,96),(1893,15,96),(1894,14,96),(1895,15,96),(1896,17,96),(1897,16,96),(1898,16,96),(1899,14,96),(1900,16,96),(1901,17,96),(1902,15,96),(1903,15,96),(1904,14,96),(1905,17,96),(1906,14,96),(1907,14,96),(1908,17,96),(1909,14,96),(1910,15,96),(1911,14,97),(1912,17,97),(1913,14,97),(1914,17,97),(1915,16,97),(1916,17,97),(1917,16,97),(1918,15,97),(1919,15,97),(1920,15,97),(1921,15,97),(1922,17,97),(1923,16,97),(1924,17,97),(1925,17,97),(1926,16,97),(1927,15,97),(1928,15,97),(1929,15,97),(1930,16,97),(1931,14,98),(1932,16,98),(1933,16,98),(1934,14,98),(1935,14,98),(1936,16,98),(1937,17,98),(1938,17,98),(1939,15,98),(1940,16,98),(1941,17,98),(1942,15,98),(1943,17,98),(1944,14,98),(1945,16,98),(1946,16,98),(1947,17,98),(1948,16,98),(1949,14,98),(1950,17,98),(1951,14,99),(1952,14,99),(1953,17,99),(1954,15,99),(1955,16,99),(1956,16,99),(1957,17,99),(1958,17,99),(1959,16,99),(1960,17,99),(1961,16,99),(1962,15,99),(1963,17,99),(1964,15,99),(1965,16,99),(1966,16,99),(1967,14,99),(1968,15,99),(1969,15,99),(1970,14,99),(1971,16,100),(1972,17,100),(1973,14,100),(1974,15,100),(1975,14,100),(1976,17,100),(1977,15,100),(1978,14,100),(1979,15,100),(1980,17,100),(1981,15,100),(1982,17,100),(1983,16,100),(1984,15,100),(1985,16,100),(1986,14,100),(1987,16,100),(1988,16,100),(1989,14,100),(1990,16,100),(1991,15,101),(1992,14,101),(1993,16,101),(1994,15,101),(1995,14,101),(1996,17,101),(1997,16,101),(1998,17,101),(1999,15,101),(2000,15,101),(2001,16,101),(2002,17,101),(2003,15,101),(2004,17,101),(2005,14,101),(2006,15,101),(2007,17,101),(2008,17,101),(2009,14,101),(2010,16,101),(2011,14,102),(2012,15,102),(2013,16,102),(2014,17,102),(2015,17,102),(2016,16,102),(2017,15,102),(2018,14,102),(2019,17,102),(2020,14,102),(2021,15,102),(2022,14,102),(2023,16,102),(2024,15,102),(2025,17,102),(2026,15,102),(2027,14,102),(2028,15,102),(2029,16,102),(2030,16,102),(2031,17,103),(2032,16,103),(2033,15,103),(2034,16,103),(2035,15,103),(2036,17,103),(2037,16,103),(2038,14,103),(2039,16,103),(2040,14,103),(2041,14,103),(2042,14,103),(2043,15,103),(2044,15,103),(2045,15,103),(2046,17,103),(2047,16,103),(2048,17,103),(2049,14,103),(2050,17,103),(2051,17,104),(2052,14,104),(2053,16,104),(2054,14,104),(2055,17,104),(2056,15,104),(2057,16,104),(2058,16,104),(2059,16,104),(2060,16,104),(2061,17,104),(2062,14,104),(2063,16,104),(2064,15,104),(2065,17,104),(2066,17,104),(2067,17,104),(2068,14,104),(2069,15,104),(2070,14,104),(2071,15,105),(2072,16,105),(2073,14,105),(2074,14,105),(2075,17,105),(2076,16,105),(2077,17,105),(2078,16,105),(2079,15,105),(2080,16,105),(2081,14,105),(2082,15,105),(2083,14,105),(2084,15,105),(2085,15,105),(2086,14,105),(2087,15,105),(2088,15,105),(2089,17,105),(2090,16,105),(2091,14,106),(2092,15,106),(2093,16,106),(2094,16,106),(2095,17,106),(2096,16,106),(2097,15,106),(2098,17,106),(2099,15,106),(2100,16,106),(2101,17,106),(2102,15,106),(2103,14,106),(2104,17,106),(2105,17,106),(2106,15,106),(2107,14,106),(2108,15,106),(2109,14,106),(2110,16,106),(2111,14,107),(2112,16,107),(2113,16,107),(2114,15,107),(2115,17,107),(2116,17,107),(2117,14,107),(2118,15,107),(2119,15,107),(2120,16,107),(2121,14,107),(2122,14,107),(2123,16,107),(2124,14,107),(2125,14,107),(2126,16,107),(2127,17,107),(2128,14,107),(2129,14,107),(2130,15,107),(2131,16,108),(2132,17,108),(2133,15,108),(2134,15,108),(2135,17,108),(2136,16,108),(2137,15,108),(2138,16,108),(2139,16,108),(2140,15,108),(2141,17,108),(2142,17,108),(2143,14,108),(2144,17,108),(2145,15,108),(2146,14,108),(2147,16,108),(2148,14,108),(2149,17,108),(2150,14,108),(2151,18,109),(2152,18,109),(2153,20,109),(2154,20,109),(2155,20,109),(2156,21,109),(2157,21,109),(2158,21,109),(2159,19,109),(2160,18,109),(2161,18,109),(2162,19,109),(2163,19,109),(2164,21,109),(2165,21,109),(2166,19,109),(2167,18,109),(2168,18,109),(2169,19,109),(2170,18,109),(2171,19,110),(2172,21,110),(2173,18,110),(2174,19,110),(2175,18,110),(2176,20,110),(2177,18,110),(2178,19,110),(2179,20,110),(2180,18,110),(2181,21,110),(2182,19,110),(2183,18,110),(2184,20,110),(2185,19,110),(2186,18,110),(2187,21,110),(2188,18,110),(2189,19,110),(2190,18,110),(2191,20,111),(2192,18,111),(2193,20,111),(2194,21,111),(2195,21,111),(2196,21,111),(2197,20,111),(2198,18,111),(2199,21,111),(2200,18,111),(2201,18,111),(2202,20,111),(2203,20,111),(2204,20,111),(2205,18,111),(2206,18,111),(2207,21,111),(2208,20,111),(2209,19,111),(2210,18,111),(2211,18,112),(2212,18,112),(2213,20,112),(2214,18,112),(2215,21,112),(2216,19,112),(2217,20,112),(2218,18,112),(2219,21,112),(2220,18,112),(2221,20,112),(2222,18,112),(2223,21,112),(2224,18,112),(2225,19,112),(2226,18,112),(2227,20,112),(2228,18,112),(2229,18,112),(2230,18,112),(2231,20,113),(2232,18,113),(2233,20,113),(2234,21,113),(2235,20,113),(2236,18,113),(2237,19,113),(2238,19,113),(2239,19,113),(2240,19,113),(2241,21,113),(2242,21,113),(2243,18,113),(2244,18,113),(2245,19,113),(2246,18,113),(2247,21,113),(2248,20,113),(2249,19,113),(2250,19,113),(2251,18,114),(2252,21,114),(2253,18,114),(2254,19,114),(2255,20,114),(2256,21,114),(2257,18,114),(2258,18,114),(2259,18,114),(2260,19,114),(2261,18,114),(2262,20,114),(2263,18,114),(2264,18,114),(2265,18,114),(2266,19,114),(2267,21,114),(2268,18,114),(2269,19,114),(2270,20,114),(2271,20,115),(2272,18,115),(2273,18,115),(2274,20,115),(2275,20,115),(2276,19,115),(2277,20,115),(2278,21,115),(2279,18,115),(2280,18,115),(2281,18,115),(2282,20,115),(2283,20,115),(2284,18,115),(2285,20,115),(2286,21,115),(2287,20,115),(2288,19,115),(2289,21,115),(2290,18,115),(2291,19,116),(2292,19,116),(2293,19,116),(2294,19,116),(2295,19,116),(2296,20,116),(2297,19,116),(2298,21,116),(2299,19,116),(2300,20,116),(2301,18,116),(2302,18,116),(2303,19,116),(2304,21,116),(2305,19,116),(2306,19,116),(2307,20,116),(2308,20,116),(2309,19,116),(2310,19,116),(2311,19,117),(2312,18,117),(2313,18,117),(2314,20,117),(2315,20,117),(2316,18,117),(2317,18,117),(2318,20,117),(2319,21,117),(2320,19,117),(2321,21,117),(2322,21,117),(2323,18,117),(2324,18,117),(2325,19,117),(2326,18,117),(2327,20,117),(2328,19,117),(2329,20,117),(2330,18,117),(2331,19,118),(2332,18,118),(2333,21,118),(2334,18,118),(2335,19,118),(2336,19,118),(2337,19,118),(2338,21,118),(2339,21,118),(2340,20,118),(2341,18,118),(2342,20,118),(2343,20,118),(2344,21,118),(2345,19,118),(2346,18,118),(2347,19,118),(2348,20,118),(2349,21,118),(2350,20,118),(2351,21,119),(2352,20,119),(2353,21,119),(2354,19,119),(2355,20,119),(2356,19,119),(2357,21,119),(2358,19,119),(2359,21,119),(2360,18,119),(2361,19,119),(2362,20,119),(2363,20,119),(2364,19,119),(2365,18,119),(2366,18,119),(2367,21,119),(2368,21,119),(2369,18,119),(2370,18,119),(2371,21,120),(2372,21,120),(2373,20,120),(2374,19,120),(2375,19,120),(2376,20,120),(2377,19,120),(2378,18,120),(2379,20,120),(2380,20,120),(2381,18,120),(2382,21,120),(2383,18,120),(2384,21,120),(2385,19,120),(2386,19,120),(2387,21,120),(2388,21,120),(2389,19,120),(2390,18,120),(2391,19,121),(2392,19,121),(2393,19,121),(2394,19,121),(2395,18,121),(2396,21,121),(2397,19,121),(2398,21,121),(2399,19,121),(2400,20,121),(2401,21,121),(2402,20,121),(2403,20,121),(2404,19,121),(2405,20,121),(2406,18,121),(2407,19,121),(2408,21,121),(2409,19,121),(2410,18,121),(2411,20,122),(2412,19,122),(2413,20,122),(2414,20,122),(2415,20,122),(2416,21,122),(2417,18,122),(2418,19,122),(2419,18,122),(2420,21,122),(2421,20,122),(2422,19,122),(2423,21,122),(2424,19,122),(2425,21,122),(2426,18,122),(2427,19,122),(2428,19,122),(2429,20,122),(2430,18,122),(2431,20,123),(2432,19,123),(2433,20,123),(2434,19,123),(2435,18,123),(2436,20,123),(2437,19,123),(2438,18,123),(2439,19,123),(2440,21,123),(2441,19,123),(2442,20,123),(2443,18,123),(2444,18,123),(2445,18,123),(2446,19,123),(2447,20,123),(2448,19,123),(2449,19,123),(2450,21,123),(2451,18,124),(2452,18,124),(2453,19,124),(2454,21,124),(2455,18,124),(2456,19,124),(2457,19,124),(2458,20,124),(2459,18,124),(2460,18,124),(2461,19,124),(2462,18,124),(2463,18,124),(2464,19,124),(2465,21,124),(2466,18,124),(2467,18,124),(2468,19,124),(2469,18,124),(2470,19,124),(2471,19,125),(2472,21,125),(2473,18,125),(2474,18,125),(2475,21,125),(2476,18,125),(2477,18,125),(2478,21,125),(2479,18,125),(2480,20,125),(2481,19,125),(2482,19,125),(2483,20,125),(2484,21,125),(2485,18,125),(2486,21,125),(2487,21,125),(2488,20,125),(2489,19,125),(2490,21,125),(2491,18,126),(2492,21,126),(2493,19,126),(2494,18,126),(2495,21,126),(2496,18,126),(2497,21,126),(2498,18,126),(2499,19,126),(2500,21,126),(2501,19,126),(2502,20,126),(2503,19,126),(2504,19,126),(2505,21,126),(2506,19,126),(2507,19,126),(2508,20,126),(2509,19,126),(2510,20,126),(2511,21,127),(2512,20,127),(2513,18,127),(2514,21,127),(2515,21,127),(2516,21,127),(2517,18,127),(2518,20,127),(2519,21,127),(2520,18,127),(2521,18,127),(2522,18,127),(2523,19,127),(2524,21,127),(2525,19,127),(2526,20,127),(2527,19,127),(2528,19,127),(2529,21,127),(2530,21,127),(2531,21,128),(2532,18,128),(2533,20,128),(2534,19,128),(2535,20,128),(2536,20,128),(2537,18,128),(2538,19,128),(2539,19,128),(2540,18,128),(2541,19,128),(2542,18,128),(2543,18,128),(2544,19,128),(2545,21,128),(2546,18,128),(2547,18,128),(2548,20,128),(2549,20,128),(2550,20,128),(2551,18,129),(2552,19,129),(2553,18,129),(2554,18,129),(2555,19,129),(2556,20,129),(2557,21,129),(2558,18,129),(2559,21,129),(2560,21,129),(2561,19,129),(2562,19,129),(2563,21,129),(2564,19,129),(2565,19,129),(2566,20,129),(2567,20,129),(2568,20,129),(2569,20,129),(2570,19,129),(2571,21,130),(2572,21,130),(2573,21,130),(2574,19,130),(2575,19,130),(2576,20,130),(2577,18,130),(2578,21,130),(2579,19,130),(2580,18,130),(2581,19,130),(2582,19,130),(2583,20,130),(2584,19,130),(2585,21,130),(2586,18,130),(2587,19,130),(2588,19,130),(2589,20,130),(2590,20,130),(2591,19,131),(2592,20,131),(2593,19,131),(2594,21,131),(2595,21,131),(2596,18,131),(2597,20,131),(2598,20,131),(2599,20,131),(2600,19,131),(2601,20,131),(2602,18,131),(2603,20,131),(2604,21,131),(2605,20,131),(2606,19,131),(2607,18,131),(2608,20,131),(2609,20,131),(2610,21,131),(2611,18,132),(2612,18,132),(2613,19,132),(2614,19,132),(2615,18,132),(2616,18,132),(2617,18,132),(2618,18,132),(2619,19,132),(2620,20,132),(2621,20,132),(2622,19,132),(2623,21,132),(2624,18,132),(2625,21,132),(2626,20,132),(2627,18,132),(2628,20,132),(2629,18,132),(2630,21,132),(2631,18,133),(2632,19,133),(2633,20,133),(2634,21,133),(2635,20,133),(2636,20,133),(2637,18,133),(2638,18,133),(2639,21,133),(2640,19,133),(2641,18,133),(2642,21,133),(2643,18,133),(2644,18,133),(2645,21,133),(2646,18,133),(2647,20,133),(2648,18,133),(2649,19,133),(2650,18,133),(2651,18,134),(2652,21,134),(2653,20,134),(2654,18,134),(2655,20,134),(2656,21,134),(2657,20,134),(2658,18,134),(2659,20,134),(2660,20,134),(2661,19,134),(2662,21,134),(2663,18,134),(2664,20,134),(2665,21,134),(2666,20,134),(2667,20,134),(2668,18,134),(2669,20,134),(2670,21,134),(2671,18,135),(2672,20,135),(2673,18,135),(2674,21,135),(2675,21,135),(2676,21,135),(2677,21,135),(2678,21,135),(2679,18,135),(2680,18,135),(2681,19,135),(2682,21,135),(2683,20,135),(2684,21,135),(2685,21,135),(2686,20,135),(2687,20,135),(2688,20,135),(2689,21,135),(2690,19,135),(2691,21,136),(2692,19,136),(2693,18,136),(2694,21,136),(2695,19,136),(2696,19,136),(2697,19,136),(2698,21,136),(2699,20,136),(2700,20,136),(2701,20,136),(2702,18,136),(2703,21,136),(2704,21,136),(2705,20,136),(2706,19,136),(2707,20,136),(2708,19,136),(2709,18,136),(2710,21,136),(2711,18,137),(2712,18,137),(2713,19,137),(2714,18,137),(2715,20,137),(2716,21,137),(2717,18,137),(2718,20,137),(2719,19,137),(2720,20,137),(2721,18,137),(2722,19,137),(2723,20,137),(2724,18,137),(2725,20,137),(2726,21,137),(2727,18,137),(2728,18,137),(2729,20,137),(2730,19,137),(2731,20,138),(2732,19,138),(2733,18,138),(2734,21,138),(2735,20,138),(2736,18,138),(2737,18,138),(2738,21,138),(2739,18,138),(2740,21,138),(2741,21,138),(2742,19,138),(2743,19,138),(2744,18,138),(2745,20,138),(2746,21,138),(2747,21,138),(2748,20,138),(2749,21,138),(2750,18,138),(2751,19,139),(2752,19,139),(2753,21,139),(2754,21,139),(2755,18,139),(2756,19,139),(2757,19,139),(2758,20,139),(2759,19,139),(2760,19,139),(2761,18,139),(2762,21,139),(2763,20,139),(2764,19,139),(2765,19,139),(2766,21,139),(2767,19,139),(2768,20,139),(2769,19,139),(2770,21,139),(2771,19,140),(2772,19,140),(2773,20,140),(2774,18,140),(2775,21,140),(2776,18,140),(2777,19,140),(2778,20,140),(2779,19,140),(2780,21,140),(2781,19,140),(2782,18,140),(2783,18,140),(2784,20,140),(2785,20,140),(2786,18,140),(2787,19,140),(2788,21,140),(2789,19,140),(2790,19,140),(2791,20,141),(2792,18,141),(2793,19,141),(2794,18,141),(2795,21,141),(2796,21,141),(2797,20,141),(2798,20,141),(2799,19,141),(2800,19,141),(2801,19,141),(2802,18,141),(2803,21,141),(2804,21,141),(2805,19,141),(2806,18,141),(2807,21,141),(2808,21,141),(2809,18,141),(2810,18,141),(2811,20,142),(2812,21,142),(2813,21,142),(2814,18,142),(2815,19,142),(2816,19,142),(2817,20,142),(2818,18,142),(2819,18,142),(2820,18,142),(2821,18,142),(2822,18,142),(2823,19,142),(2824,19,142),(2825,20,142),(2826,19,142),(2827,20,142),(2828,21,142),(2829,19,142),(2830,21,142),(2831,18,143),(2832,19,143),(2833,19,143),(2834,20,143),(2835,19,143),(2836,19,143),(2837,20,143),(2838,19,143),(2839,20,143),(2840,18,143),(2841,19,143),(2842,21,143),(2843,20,143),(2844,19,143),(2845,19,143),(2846,21,143),(2847,19,143),(2848,21,143),(2849,18,143),(2850,18,143),(2851,23,144),(2852,24,144),(2853,23,144),(2854,23,144),(2855,25,144),(2856,23,144),(2857,22,144),(2858,24,144),(2859,23,144),(2860,24,144),(2861,25,144),(2862,23,144),(2863,22,144),(2864,23,144),(2865,23,144),(2866,23,144),(2867,23,144),(2868,22,144),(2869,22,144),(2870,22,144),(2871,23,145),(2872,25,145),(2873,23,145),(2874,22,145),(2875,23,145),(2876,24,145),(2877,22,145),(2878,24,145),(2879,23,145),(2880,24,145),(2881,22,145),(2882,22,145),(2883,25,145),(2884,25,145),(2885,22,145),(2886,24,145),(2887,25,145),(2888,23,145),(2889,24,145),(2890,22,145),(2891,25,146),(2892,25,146),(2893,24,146),(2894,22,146),(2895,24,146),(2896,25,146),(2897,25,146),(2898,25,146),(2899,22,146),(2900,24,146),(2901,22,146),(2902,24,146),(2903,25,146),(2904,23,146),(2905,23,146),(2906,24,146),(2907,22,146),(2908,22,146),(2909,22,146),(2910,23,146),(2911,25,147),(2912,24,147),(2913,24,147),(2914,25,147),(2915,23,147),(2916,25,147),(2917,22,147),(2918,23,147),(2919,25,147),(2920,24,147),(2921,23,147),(2922,23,147),(2923,25,147),(2924,23,147),(2925,22,147),(2926,23,147),(2927,24,147),(2928,23,147),(2929,25,147),(2930,25,147),(2931,23,148),(2932,25,148),(2933,24,148),(2934,25,148),(2935,23,148),(2936,25,148),(2937,25,148),(2938,24,148),(2939,22,148),(2940,25,148),(2941,22,148),(2942,22,148),(2943,25,148),(2944,24,148),(2945,22,148),(2946,23,148),(2947,22,148),(2948,24,148),(2949,23,148),(2950,24,148),(2951,26,149),(2952,27,149),(2953,28,149),(2954,26,149),(2955,26,149),(2956,26,149),(2957,27,149),(2958,29,149),(2959,26,149),(2960,28,149),(2961,27,149),(2962,29,149),(2963,28,149),(2964,28,149),(2965,26,149),(2966,28,149),(2967,26,149),(2968,28,149),(2969,29,149),(2970,26,149),(2971,28,150),(2972,29,150),(2973,26,150),(2974,28,150),(2975,27,150),(2976,27,150),(2977,27,150),(2978,27,150),(2979,26,150),(2980,26,150),(2981,29,150),(2982,26,150),(2983,29,150),(2984,26,150),(2985,28,150),(2986,28,150),(2987,29,150),(2988,26,150),(2989,28,150),(2990,29,150),(2991,26,151),(2992,26,151),(2993,29,151),(2994,28,151),(2995,29,151),(2996,29,151),(2997,29,151),(2998,28,151),(2999,26,151),(3000,29,151),(3001,28,151),(3002,27,151),(3003,26,151),(3004,28,151),(3005,27,151),(3006,29,151),(3007,26,151),(3008,26,151),(3009,27,151),(3010,29,151),(3011,29,152),(3012,27,152),(3013,29,152),(3014,28,152),(3015,28,152),(3016,26,152),(3017,28,152),(3018,27,152),(3019,26,152),(3020,29,152),(3021,29,152),(3022,29,152),(3023,27,152),(3024,29,152),(3025,26,152),(3026,26,152),(3027,27,152),(3028,29,152),(3029,27,152),(3030,29,152),(3031,27,153),(3032,28,153),(3033,28,153),(3034,29,153),(3035,29,153),(3036,26,153),(3037,29,153),(3038,27,153),(3039,26,153),(3040,28,153),(3041,28,153),(3042,27,153),(3043,28,153),(3044,28,153),(3045,27,153),(3046,28,153),(3047,27,153),(3048,28,153),(3049,27,153),(3050,27,153),(3051,31,154),(3052,31,154),(3053,32,154),(3054,32,154),(3055,30,154),(3056,31,154),(3057,32,154),(3058,33,154),(3059,32,154),(3060,33,154),(3061,31,154),(3062,30,154),(3063,31,154),(3064,30,154),(3065,31,154),(3066,30,154),(3067,32,154),(3068,32,154),(3069,30,154),(3070,30,154),(3071,32,155),(3072,33,155),(3073,32,155),(3074,33,155),(3075,31,155),(3076,30,155),(3077,33,155),(3078,33,155),(3079,31,155),(3080,31,155),(3081,32,155),(3082,30,155),(3083,32,155),(3084,31,155),(3085,33,155),(3086,33,155),(3087,32,155),(3088,31,155),(3089,33,155),(3090,32,155),(3091,33,156),(3092,33,156),(3093,30,156),(3094,33,156),(3095,33,156),(3096,31,156),(3097,30,156),(3098,32,156),(3099,33,156),(3100,33,156),(3101,33,156),(3102,31,156),(3103,31,156),(3104,31,156),(3105,30,156),(3106,30,156),(3107,30,156),(3108,30,156),(3109,32,156),(3110,33,156),(3111,31,157),(3112,32,157),(3113,30,157),(3114,33,157),(3115,33,157),(3116,31,157),(3117,30,157),(3118,32,157),(3119,32,157),(3120,32,157),(3121,32,157),(3122,33,157),(3123,32,157),(3124,31,157),(3125,32,157),(3126,33,157),(3127,32,157),(3128,30,157),(3129,33,157),(3130,32,157),(3131,33,158),(3132,31,158),(3133,33,158),(3134,30,158),(3135,32,158),(3136,31,158),(3137,30,158),(3138,30,158),(3139,32,158),(3140,30,158),(3141,30,158),(3142,30,158),(3143,30,158),(3144,30,158),(3145,33,158),(3146,32,158),(3147,31,158),(3148,32,158),(3149,32,158),(3150,33,158),(3151,36,159),(3152,37,159),(3153,37,159),(3154,37,159),(3155,36,159),(3156,34,159),(3157,34,159),(3158,36,159),(3159,35,159),(3160,35,159),(3161,35,159),(3162,36,159),(3163,35,159),(3164,36,159),(3165,37,159),(3166,37,159),(3167,37,159),(3168,34,159),(3169,35,159),(3170,37,159),(3171,36,160),(3172,37,160),(3173,34,160),(3174,36,160),(3175,36,160),(3176,35,160),(3177,34,160),(3178,36,160),(3179,34,160),(3180,34,160),(3181,36,160),(3182,36,160),(3183,34,160),(3184,36,160),(3185,37,160),(3186,35,160),(3187,36,160),(3188,35,160),(3189,34,160),(3190,34,160),(3191,36,161),(3192,36,161),(3193,35,161),(3194,34,161),(3195,37,161),(3196,35,161),(3197,36,161),(3198,36,161),(3199,34,161),(3200,35,161),(3201,36,161),(3202,34,161),(3203,34,161),(3204,37,161),(3205,34,161),(3206,37,161),(3207,34,161),(3208,34,161),(3209,37,161),(3210,35,161),(3211,35,162),(3212,37,162),(3213,35,162),(3214,35,162),(3215,37,162),(3216,35,162),(3217,35,162),(3218,35,162),(3219,35,162),(3220,34,162),(3221,34,162),(3222,34,162),(3223,35,162),(3224,35,162),(3225,37,162),(3226,34,162),(3227,34,162),(3228,34,162),(3229,35,162),(3230,34,162),(3231,37,163),(3232,36,163),(3233,34,163),(3234,36,163),(3235,35,163),(3236,35,163),(3237,35,163),(3238,37,163),(3239,35,163),(3240,37,163),(3241,36,163),(3242,37,163),(3243,34,163),(3244,34,163),(3245,36,163),(3246,35,163),(3247,37,163),(3248,34,163),(3249,37,163),(3250,34,163),(3251,40,164),(3252,40,164),(3253,39,164),(3254,38,164),(3255,41,164),(3256,40,164),(3257,38,164),(3258,41,164),(3259,40,164),(3260,38,164),(3261,39,164),(3262,40,164),(3263,38,164),(3264,39,164),(3265,40,164),(3266,38,164),(3267,40,164),(3268,39,164),(3269,38,164),(3270,40,164),(3271,41,165),(3272,39,165),(3273,39,165),(3274,39,165),(3275,39,165),(3276,38,165),(3277,41,165),(3278,41,165),(3279,40,165),(3280,38,165),(3281,39,165),(3282,38,165),(3283,39,165),(3284,39,165),(3285,40,165),(3286,40,165),(3287,39,165),(3288,41,165),(3289,39,165),(3290,39,165),(3291,39,166),(3292,38,166),(3293,38,166),(3294,39,166),(3295,38,166),(3296,39,166),(3297,41,166),(3298,39,166),(3299,39,166),(3300,41,166),(3301,38,166),(3302,40,166),(3303,38,166),(3304,39,166),(3305,41,166),(3306,40,166),(3307,40,166),(3308,41,166),(3309,41,166),(3310,38,166),(3311,40,167),(3312,38,167),(3313,41,167),(3314,40,167),(3315,39,167),(3316,38,167),(3317,39,167),(3318,38,167),(3319,41,167),(3320,41,167),(3321,41,167),(3322,38,167),(3323,39,167),(3324,41,167),(3325,38,167),(3326,38,167),(3327,38,167),(3328,41,167),(3329,40,167),(3330,40,167),(3331,41,168),(3332,39,168),(3333,40,168),(3334,39,168),(3335,40,168),(3336,41,168),(3337,39,168),(3338,41,168),(3339,38,168),(3340,39,168),(3341,40,168),(3342,38,168),(3343,40,168),(3344,41,168),(3345,40,168),(3346,40,168),(3347,41,168),(3348,41,168),(3349,41,168),(3350,39,168),(3351,41,169),(3352,38,169),(3353,39,169),(3354,39,169),(3355,39,169),(3356,39,169),(3357,38,169),(3358,39,169),(3359,40,169),(3360,39,169),(3361,39,169),(3362,39,169),(3363,38,169),(3364,40,169),(3365,40,169),(3366,38,169),(3367,41,169),(3368,39,169),(3369,41,169),(3370,41,169),(3371,39,170),(3372,41,170),(3373,40,170),(3374,40,170),(3375,38,170),(3376,38,170),(3377,40,170),(3378,40,170),(3379,41,170),(3380,40,170),(3381,39,170),(3382,39,170),(3383,41,170),(3384,39,170),(3385,38,170),(3386,38,170),(3387,38,170),(3388,41,170),(3389,40,170),(3390,41,170),(3391,40,171),(3392,41,171),(3393,39,171),(3394,40,171),(3395,41,171),(3396,41,171),(3397,40,171),(3398,39,171),(3399,38,171),(3400,38,171),(3401,44,172),(3402,45,172),(3403,45,172),(3404,45,172),(3405,45,172),(3406,44,172),(3407,42,172),(3408,42,172),(3409,43,172),(3410,42,172),(3411,42,172),(3412,42,172),(3413,43,172),(3414,45,172),(3415,44,172),(3416,43,172),(3417,44,172),(3418,45,172),(3419,43,172),(3420,44,172),(3421,44,173),(3422,45,173),(3423,44,173),(3424,44,173),(3425,42,173),(3426,42,173),(3427,42,173),(3428,42,173),(3429,43,173),(3430,44,173),(3431,45,173),(3432,45,173),(3433,44,173),(3434,45,173),(3435,44,173),(3436,45,173),(3437,43,173),(3438,42,173),(3439,42,173),(3440,45,173),(3441,44,174),(3442,44,174),(3443,42,174),(3444,44,174),(3445,42,174),(3446,45,174),(3447,44,174),(3448,45,174),(3449,45,174),(3450,44,174),(3451,42,174),(3452,45,174),(3453,44,174),(3454,42,174),(3455,43,174),(3456,45,174),(3457,43,174),(3458,43,174),(3459,42,174),(3460,43,174),(3461,45,175),(3462,42,175),(3463,42,175),(3464,45,175),(3465,42,175),(3466,42,175),(3467,44,175),(3468,45,175),(3469,42,175),(3470,44,175),(3471,44,175),(3472,42,175),(3473,43,175),(3474,43,175),(3475,42,175),(3476,43,175),(3477,43,175),(3478,44,175),(3479,44,175),(3480,43,175),(3481,44,176),(3482,45,176),(3483,42,176),(3484,45,176),(3485,42,176),(3486,43,176),(3487,43,176),(3488,43,176),(3489,45,176),(3490,44,176),(3491,42,176),(3492,43,176),(3493,43,176),(3494,43,176),(3495,42,176),(3496,44,176),(3497,43,176),(3498,43,176),(3499,45,176),(3500,42,176),(3501,43,177),(3502,45,177),(3503,44,177),(3504,44,177),(3505,42,177),(3506,44,177),(3507,45,177),(3508,43,177),(3509,43,177),(3510,44,177),(3511,45,177),(3512,45,177),(3513,42,177),(3514,44,177),(3515,43,177),(3516,44,177),(3517,42,177),(3518,44,177),(3519,45,177),(3520,45,177),(3521,42,178),(3522,45,178),(3523,42,178),(3524,44,178),(3525,44,178),(3526,43,178),(3527,45,178),(3528,44,178),(3529,43,178),(3530,45,178),(3531,45,178),(3532,45,178),(3533,43,178),(3534,42,178),(3535,45,178),(3536,43,178),(3537,42,178),(3538,43,178),(3539,43,178),(3540,43,178),(3541,43,179),(3542,42,179),(3543,42,179),(3544,43,179),(3545,44,179),(3546,42,179),(3547,43,179),(3548,42,179),(3549,43,179),(3550,43,179),(3551,47,180),(3552,49,180),(3553,49,180),(3554,48,180),(3555,48,180),(3556,46,180),(3557,47,180),(3558,46,180),(3559,48,180),(3560,49,180),(3561,49,180),(3562,48,180),(3563,46,180),(3564,49,180),(3565,46,180),(3566,46,180),(3567,48,180),(3568,47,180),(3569,47,180),(3570,46,180),(3571,49,181),(3572,49,181),(3573,47,181),(3574,46,181),(3575,47,181),(3576,48,181),(3577,48,181),(3578,48,181),(3579,49,181),(3580,47,181),(3581,48,181),(3582,49,181),(3583,48,181),(3584,48,181),(3585,48,181),(3586,46,181),(3587,48,181),(3588,46,181),(3589,46,181),(3590,49,181),(3591,47,182),(3592,47,182),(3593,49,182),(3594,47,182),(3595,46,182),(3596,49,182),(3597,48,182),(3598,49,182),(3599,46,182),(3600,46,182),(3601,46,182),(3602,47,182),(3603,48,182),(3604,47,182),(3605,49,182),(3606,47,182),(3607,49,182),(3608,49,182),(3609,48,182),(3610,49,182),(3611,47,183),(3612,46,183),(3613,49,183),(3614,47,183),(3615,49,183),(3616,46,183),(3617,49,183),(3618,47,183),(3619,47,183),(3620,47,183),(3621,49,183),(3622,48,183),(3623,46,183),(3624,47,183),(3625,47,183),(3626,47,183),(3627,48,183),(3628,48,183),(3629,49,183),(3630,46,183),(3631,48,184),(3632,49,184),(3633,49,184),(3634,48,184),(3635,49,184),(3636,49,184),(3637,47,184),(3638,49,184),(3639,49,184),(3640,47,184),(3641,49,184),(3642,48,184),(3643,49,184),(3644,46,184),(3645,46,184),(3646,48,184),(3647,47,184),(3648,48,184),(3649,46,184),(3650,46,184),(3651,46,185),(3652,46,185),(3653,47,185),(3654,49,185),(3655,48,185),(3656,47,185),(3657,47,185),(3658,48,185),(3659,48,185),(3660,48,185),(3661,49,185),(3662,48,185),(3663,49,185),(3664,49,185),(3665,47,185),(3666,46,185),(3667,48,185),(3668,47,185),(3669,48,185),(3670,49,185),(3671,46,186),(3672,48,186),(3673,47,186),(3674,47,186),(3675,46,186),(3676,48,186),(3677,47,186),(3678,46,186),(3679,48,186),(3680,46,186),(3681,46,186),(3682,47,186),(3683,47,186),(3684,48,186),(3685,47,186),(3686,48,186),(3687,47,186),(3688,46,186),(3689,49,186),(3690,46,186),(3691,49,187),(3692,48,187),(3693,47,187),(3694,49,187),(3695,49,187),(3696,47,187),(3697,47,187),(3698,46,187),(3699,47,187),(3700,49,187),(3701,50,188),(3702,53,188),(3703,50,188),(3704,52,188),(3705,52,188),(3706,50,188),(3707,53,188),(3708,52,188),(3709,53,188),(3710,51,188),(3711,52,188),(3712,51,188),(3713,52,188),(3714,51,188),(3715,51,188),(3716,52,188),(3717,51,188),(3718,51,188),(3719,53,188),(3720,53,188),(3721,53,189),(3722,52,189),(3723,52,189),(3724,51,189),(3725,51,189),(3726,52,189),(3727,50,189),(3728,51,189),(3729,53,189),(3730,51,189),(3731,50,189),(3732,51,189),(3733,52,189),(3734,51,189),(3735,51,189),(3736,51,189),(3737,51,189),(3738,53,189),(3739,53,189),(3740,51,189),(3741,50,190),(3742,52,190),(3743,51,190),(3744,53,190),(3745,51,190),(3746,53,190),(3747,51,190),(3748,50,190),(3749,53,190),(3750,51,190),(3751,55,191),(3752,55,191),(3753,57,191),(3754,54,191),(3755,56,191),(3756,57,191),(3757,54,191),(3758,55,191),(3759,55,191),(3760,58,191),(3761,58,191),(3762,57,191),(3763,58,191),(3764,57,191),(3765,58,191),(3766,54,191),(3767,54,191),(3768,58,191),(3769,56,191),(3770,58,191),(3771,56,192),(3772,58,192),(3773,57,192),(3774,58,192),(3775,56,192),(3776,58,192),(3777,55,192),(3778,55,192),(3779,55,192),(3780,58,192),(3781,54,192),(3782,58,192),(3783,55,192),(3784,57,192),(3785,54,192),(3786,55,192),(3787,55,192),(3788,54,192),(3789,54,192),(3790,58,192),(3791,57,193),(3792,54,193),(3793,58,193),(3794,55,193),(3795,56,193),(3796,55,193),(3797,58,193),(3798,54,193),(3799,57,193),(3800,58,193),(3801,63,194),(3802,60,194),(3803,59,194),(3804,59,194),(3805,63,194),(3806,63,194),(3807,60,194),(3808,63,194),(3809,62,194),(3810,59,194),(3811,60,194),(3812,59,194),(3813,61,194),(3814,63,194),(3815,62,194),(3816,63,194),(3817,63,194),(3818,59,194),(3819,61,194),(3820,61,194),(3821,63,195),(3822,59,195),(3823,60,195),(3824,63,195),(3825,61,195),(3826,60,195),(3827,60,195),(3828,63,195),(3829,59,195),(3830,63,195),(3831,61,195),(3832,59,195),(3833,59,195),(3834,63,195),(3835,60,195),(3836,59,195),(3837,59,195),(3838,62,195),(3839,60,195),(3840,60,195),(3841,62,196),(3842,62,196),(3843,62,196),(3844,62,196),(3845,61,196),(3846,61,196),(3847,61,196),(3848,62,196),(3849,61,196),(3850,60,196),(3851,66,197),(3852,64,197),(3853,67,197),(3854,67,197),(3855,65,197),(3856,67,197),(3857,66,197),(3858,67,197),(3859,66,197),(3860,65,197),(3861,65,197),(3862,66,197),(3863,64,197),(3864,67,197),(3865,66,197),(3866,64,197),(3867,67,197),(3868,67,197),(3869,65,197),(3870,65,197),(3871,66,198),(3872,67,198),(3873,64,198),(3874,64,198),(3875,66,198),(3876,67,198),(3877,66,198),(3878,64,198),(3879,64,198),(3880,64,198),(3881,67,198),(3882,67,198),(3883,66,198),(3884,67,198),(3885,67,198),(3886,67,198),(3887,64,198),(3888,66,198),(3889,66,198),(3890,67,198),(3891,65,199),(3892,65,199),(3893,66,199),(3894,64,199),(3895,64,199),(3896,65,199),(3897,65,199),(3898,66,199),(3899,65,199),(3900,67,199);
/*!40000 ALTER TABLE `voto` ENABLE KEYS */;
UNLOCK TABLES;

--
-- Dumping routines for database 'elecciones'
--
/*!50003 DROP PROCEDURE IF EXISTS `get_ganadores_ultimo_anyo` */;
/*!50003 SET @saved_cs_client      = @@character_set_client */ ;
/*!50003 SET @saved_cs_results     = @@character_set_results */ ;
/*!50003 SET @saved_col_connection = @@collation_connection */ ;
/*!50003 SET character_set_client  = utf8 */ ;
/*!50003 SET character_set_results = utf8 */ ;
/*!50003 SET collation_connection  = utf8_general_ci */ ;
/*!50003 SET @saved_sql_mode       = @@sql_mode */ ;
/*!50003 SET sql_mode              = 'NO_ENGINE_SUBSTITUTION' */ ;
DELIMITER ;;
CREATE DEFINER=`root`@`localhost` PROCEDURE `get_ganadores_ultimo_anyo`()
BEGIN
		SELECT ca.titulo, t.nombre, DATE_FORMAT(totales.fecha, "%d/%m/%Y") AS fecha, totales.nombres, totales.apellidos, totales.total_votos FROM (
			SELECT e.id_eleccion, e.fecha, e.id_jurisdiccion, ci.nombres, ci.apellidos, COUNT(v.id_voto) AS total_votos
				FROM `voto` AS v
				INNER JOIN mesa AS m ON m.id_mesa = v.id_mesa
				INNER JOIN candidato ca ON v.id_boleta = ca.id_boleta
				INNER JOIN ciudadano ci ON ci.id_ciudadano = ca.id_ciudadano
				INNER JOIN eleccion e ON e.id_eleccion = m.id_eleccion
				WHERE e.tipo = "cargo" AND e.fecha <= NOW() AND e.fecha > DATE_SUB(NOW(), INTERVAL 1 YEAR) 
				GROUP BY e.id_eleccion, ca.id_boleta
				ORDER BY e.id_eleccion, total_votos DESC
			) AS totales
			INNER JOIN cargo AS ca ON ca.id_eleccion = totales.id_eleccion
			INNER JOIN territorio AS t ON t.id_territorio = totales.id_jurisdiccion
			GROUP BY totales.id_eleccion;
	END ;;
DELIMITER ;
/*!50003 SET sql_mode              = @saved_sql_mode */ ;
/*!50003 SET character_set_client  = @saved_cs_client */ ;
/*!50003 SET character_set_results = @saved_cs_results */ ;
/*!50003 SET collation_connection  = @saved_col_connection */ ;
/*!50003 DROP PROCEDURE IF EXISTS `get_partidos_sobre_20_porciento` */;
/*!50003 SET @saved_cs_client      = @@character_set_client */ ;
/*!50003 SET @saved_cs_results     = @@character_set_results */ ;
/*!50003 SET @saved_col_connection = @@collation_connection */ ;
/*!50003 SET character_set_client  = utf8 */ ;
/*!50003 SET character_set_results = utf8 */ ;
/*!50003 SET collation_connection  = utf8_general_ci */ ;
/*!50003 SET @saved_sql_mode       = @@sql_mode */ ;
/*!50003 SET sql_mode              = 'NO_ENGINE_SUBSTITUTION' */ ;
DELIMITER ;;
CREATE DEFINER=`root`@`localhost` PROCEDURE `get_partidos_sobre_20_porciento`()
BEGIN
		CREATE TEMPORARY TABLE IF NOT EXISTS `votos_totales_eleccion`
			SELECT e.id_eleccion, e.id_jurisdiccion, count(v.id_voto) AS total
				FROM voto AS v
				INNER JOIN mesa AS m ON m.id_mesa = v.id_mesa
				INNER JOIN eleccion AS e ON m.id_eleccion = e.id_eleccion
				GROUP BY e.id_eleccion;


		CREATE TEMPORARY TABLE IF NOT EXISTS `votos_partido_eleccion`
			SELECT e.id_eleccion, e.id_jurisdiccion, p.id_partido, COUNT(v.id_voto) AS total
				FROM voto AS v
				INNER JOIN mesa AS m ON m.id_mesa = v.id_mesa
				INNER JOIN eleccion AS e ON m.id_eleccion = e.id_eleccion
				INNER JOIN candidato AS ca ON ca.id_boleta = v.id_boleta AND ca.id_eleccion = e.id_eleccion
				INNER JOIN partido AS p ON p.id_partido = ca.id_partido
				GROUP BY e.id_eleccion, p.id_partido;

		CREATE TEMPORARY TABLE IF NOT EXISTS `porcentaje_partido_eleccion`
			SELECT vpe.id_eleccion, vpe.id_partido, vpe.total AS total_partido, vte.total AS total_eleccion, (vpe.total/vte.total)*100 as porcentaje
				FROM votos_totales_eleccion AS vte
					INNER JOIN votos_partido_eleccion AS vpe ON vpe.id_eleccion = vte.id_eleccion;

		
		
		
		CREATE TEMPORARY TABLE IF NOT EXISTS `ids_ultimas_cinco_elecciones_gob`
			SELECT e.id_eleccion FROM eleccion e
				INNER JOIN cargo AS ca ON e.id_eleccion = ca.id_eleccion
				INNER JOIN territorio AS t ON t.id_territorio = e.id_jurisdiccion
			WHERE ca.titulo = "Gobernador" AND t.nivel = "provincia" AND e.fecha <= NOW()
			ORDER BY e.fecha DESC
			LIMIT 5;

		SELECT e.id_eleccion, DATE_FORMAT(e.fecha, "%d/%m/%Y") AS fecha, t.nombre AS provincia, p.nombre, ppe.total_eleccion AS 'votos emitidos', ppe.total_partido AS 'votos totales', ppe.porcentaje
			FROM porcentaje_partido_eleccion AS ppe
			INNER JOIN eleccion AS e ON ppe.id_eleccion = e.id_eleccion
			INNER JOIN territorio AS t ON t.id_territorio = e.id_jurisdiccion
			INNER JOIN partido AS p ON p.id_partido = ppe.id_partido
			WHERE ppe.porcentaje > 20 
				AND ppe.id_eleccion IN (SELECT * FROM ids_ultimas_cinco_elecciones_gob)
			ORDER BY e.id_eleccion, p.nombre;
	END ;;
DELIMITER ;
/*!50003 SET sql_mode              = @saved_sql_mode */ ;
/*!50003 SET character_set_client  = @saved_cs_client */ ;
/*!50003 SET character_set_results = @saved_cs_results */ ;
/*!50003 SET collation_connection  = @saved_col_connection */ ;
/*!50003 DROP PROCEDURE IF EXISTS `get_votantes_sobre_la_hora` */;
/*!50003 SET @saved_cs_client      = @@character_set_client */ ;
/*!50003 SET @saved_cs_results     = @@character_set_results */ ;
/*!50003 SET @saved_col_connection = @@collation_connection */ ;
/*!50003 SET character_set_client  = utf8 */ ;
/*!50003 SET character_set_results = utf8 */ ;
/*!50003 SET collation_connection  = utf8_general_ci */ ;
/*!50003 SET @saved_sql_mode       = @@sql_mode */ ;
/*!50003 SET sql_mode              = 'NO_ENGINE_SUBSTITUTION' */ ;
DELIMITER ;;
CREATE DEFINER=`root`@`localhost` PROCEDURE `get_votantes_sobre_la_hora`(IN id_eleccion INT(11))
BEGIN
		SELECT ci.DNI, ci.nombres, ci.apellidos, ve.hora FROM `centro` AS c
			INNER JOIN `mesa` AS m ON m.id_centro = c.id_centro
			INNER JOIN `vota_en` AS ve ON ve.id_mesa = m.id_mesa
			INNER JOIN `ciudadano` AS ci ON ve.id_ciudadano = ci.id_ciudadano
			WHERE m.id_eleccion = id_eleccion
			ORDER BY hora DESC
			LIMIT 5;
	END ;;
DELIMITER ;
/*!50003 SET sql_mode              = @saved_sql_mode */ ;
/*!50003 SET character_set_client  = @saved_cs_client */ ;
/*!50003 SET character_set_results = @saved_cs_results */ ;
/*!50003 SET collation_connection  = @saved_col_connection */ ;
/*!40103 SET TIME_ZONE=@OLD_TIME_ZONE */;

/*!40101 SET SQL_MODE=@OLD_SQL_MODE */;
/*!40014 SET FOREIGN_KEY_CHECKS=@OLD_FOREIGN_KEY_CHECKS */;
/*!40014 SET UNIQUE_CHECKS=@OLD_UNIQUE_CHECKS */;
/*!40101 SET CHARACTER_SET_CLIENT=@OLD_CHARACTER_SET_CLIENT */;
/*!40101 SET CHARACTER_SET_RESULTS=@OLD_CHARACTER_SET_RESULTS */;
/*!40101 SET COLLATION_CONNECTION=@OLD_COLLATION_CONNECTION */;
/*!40111 SET SQL_NOTES=@OLD_SQL_NOTES */;

-- Dump completed on 2015-05-03 17:20:34
